junction,hour,day_of_week,weather,temperature_c,vehicles,congestion_score,high_congestion
Pratap Nagar,14,5,Clear,19.0,157,1.9,0
Sector 11 Chauraha,11,4,Clear,19.8,153,1.9,0
Madhuban,15,6,Cloudy,43.5,108,1.3,0
Pratap Nagar,23,6,Sunny,41.4,187,2.3,0
Hiran Magri,18,0,Sunny,42.2,383,4.6,0
Bedla Road,7,6,Clear,44.7,151,1.8,0
Madhuban,20,3,Clear,21.2,414,5.0,0
Madhuban,16,1,Clear,25.7,267,3.2,0
Pratap Nagar,22,1,Rainy,35.1,230,2.8,0
Surajpol,4,1,Clear,29.5,184,2.2,0
Hiran Magri,21,3,Rainy,27.6,341,4.1,0
Pratap Nagar,15,5,Sunny,25.7,153,1.9,0
Hiran Magri,5,0,Cloudy,32.8,160,1.9,0
Hiran Magri,7,6,Cloudy,32.3,68,0.8,0
Bedla Road,17,3,Cloudy,19.8,375,4.5,0
Madhuban,11,1,Cloudy,29.2,192,2.3,0
Sector 11 Chauraha,14,4,Rainy,31.6,223,2.7,0
Bedla Road,8,2,Rainy,32.1,559,6.8,0
Bedla Road,12,6,Clear,21.3,96,1.2,0
Hiran Magri,14,3,Rainy,37.3,241,2.9,0
Bhupalpura,9,3,Clear,15.8,354,4.3,0
Madhuban,15,0,Clear,25.6,237,2.9,0
Surajpol,6,0,Cloudy,38.4,172,2.1,0
Bedla Road,16,3,Rainy,31.9,299,3.6,0
Sector 11 Chauraha,22,1,Rainy,22.8,315,3.8,0
Bhupalpura,20,2,Clear,35.8,599,7.2,1
Bhupalpura,21,6,Clear,32.0,120,1.5,0
Surajpol,6,0,Sunny,38.9,234,2.8,0
Bedla Road,13,6,Sunny,37.1,104,1.3,0
Sector 11 Chauraha,14,1,Clear,33.3,215,2.6,0
Madhuban,20,6,Sunny,29.6,382,4.6,0
Delhi Gate,6,4,Sunny,19.0,136,1.6,0
Sector 11 Chauraha,8,0,Clear,22.8,396,4.8,0
Surajpol,18,1,Clear,27.6,476,5.8,0
Bhupalpura,15,1,Rainy,33.0,266,3.2,0
Madhuban,7,2,Clear,30.4,204,2.5,0
Sector 11 Chauraha,17,2,Clear,23.6,378,4.6,0
Delhi Gate,22,4,Cloudy,15.2,259,3.1,0
Delhi Gate,17,1,Rainy,29.9,711,8.6,1
Hiran Magri,19,5,Rainy,23.6,539,6.5,0
Hiran Magri,6,1,Rainy,37.0,256,3.1,0
Pratap Nagar,2,2,Cloudy,15.7,212,2.6,0
Surajpol,17,5,Clear,32.5,458,5.5,0
Bedla Road,9,0,Rainy,43.2,518,6.3,0
Sector 11 Chauraha,6,0,Rainy,20.2,265,3.2,0
Sector 11 Chauraha,16,6,Sunny,29.1,122,1.5,0
Bedla Road,13,3,Rainy,17.7,188,2.3,0
Pratap Nagar,23,2,Clear,33.8,131,1.6,0
Bhupalpura,2,3,Clear,31.5,254,3.1,0
Bhupalpura,11,5,Sunny,27.2,72,0.9,0
Pratap Nagar,12,2,Rainy,30.6,272,3.3,0
Bhupalpura,1,4,Rainy,41.9,289,3.5,0
Hiran Magri,2,1,Rainy,20.9,343,4.1,0
Sector 11 Chauraha,4,4,Cloudy,15.7,234,2.8,0
Pratap Nagar,10,5,Rainy,40.8,560,6.8,0
Sector 11 Chauraha,7,2,Clear,32.3,159,1.9,0
Bedla Road,22,5,Clear,41.7,124,1.5,0
Delhi Gate,22,1,Cloudy,32.9,219,2.6,0
Hiran Magri,11,0,Cloudy,39.3,252,3.0,0
Madhuban,6,0,Rainy,27.9,296,3.6,0
Hiran Magri,14,5,Sunny,37.5,179,2.2,0
Pratap Nagar,23,3,Cloudy,42.4,197,2.4,0
Madhuban,16,2,Cloudy,32.2,137,1.7,0
Delhi Gate,3,2,Rainy,20.4,304,3.7,0
Pratap Nagar,21,0,Rainy,23.1,293,3.5,0
Surajpol,12,6,Cloudy,21.0,83,1.0,0
Sector 11 Chauraha,17,4,Sunny,22.4,464,5.6,0
Delhi Gate,0,6,Cloudy,24.2,124,1.5,0
Sector 11 Chauraha,15,1,Rainy,31.7,197,2.4,0
Bhupalpura,12,4,Rainy,32.6,205,2.5,0
Surajpol,9,4,Cloudy,27.8,566,6.8,0
Surajpol,11,5,Sunny,33.5,86,1.0,0
Delhi Gate,1,0,Cloudy,17.4,227,2.7,0
Surajpol,22,6,Cloudy,17.6,198,2.4,0
Madhuban,2,6,Rainy,20.2,293,3.5,0
Surajpol,9,0,Sunny,30.5,471,5.7,0
Sector 11 Chauraha,1,6,Clear,21.4,151,1.8,0
Sector 11 Chauraha,22,0,Sunny,23.5,270,3.3,0
Pratap Nagar,12,5,Cloudy,27.0,126,1.5,0
Sector 11 Chauraha,12,3,Cloudy,39.4,151,1.8,0
Pratap Nagar,17,4,Cloudy,15.4,384,4.6,0
Sector 11 Chauraha,2,5,Sunny,34.5,75,0.9,0
Madhuban,6,2,Rainy,35.1,287,3.5,0
Bedla Road,13,1,Cloudy,39.0,214,2.6,0
Pratap Nagar,19,3,Cloudy,43.0,508,6.1,0
Hiran Magri,16,2,Sunny,15.6,240,2.9,0
Bhupalpura,20,4,Clear,19.6,540,6.5,0
Delhi Gate,11,6,Clear,41.6,152,1.8,0
Sector 11 Chauraha,15,0,Rainy,28.8,156,1.9,0
Surajpol,23,4,Rainy,31.9,281,3.4,0
Bedla Road,11,5,Cloudy,34.9,119,1.4,0
Sector 11 Chauraha,14,1,Sunny,35.4,195,2.4,0
Surajpol,9,5,Cloudy,43.0,378,4.6,0
Bhupalpura,6,3,Rainy,44.9,329,4.0,0
Bhupalpura,19,3,Sunny,36.6,542,6.6,0
Bhupalpura,4,1,Sunny,23.6,138,1.7,0
Surajpol,0,2,Rainy,41.4,287,3.5,0
Sector 11 Chauraha,16,2,Clear,16.5,201,2.4,0
Bhupalpura,2,3,Clear,21.9,96,1.2,0
Madhuban,12,3,Sunny,41.9,137,1.7,0
Pratap Nagar,13,6,Cloudy,22.7,59,0.7,0
Surajpol,23,0,Clear,21.6,196,2.4,0
Surajpol,17,6,Cloudy,19.1,555,6.7,0
Sector 11 Chauraha,3,6,Clear,40.8,126,1.5,0
Surajpol,17,2,Clear,30.0,482,5.8,0
Surajpol,4,1,Cloudy,35.2,164,2.0,0
Bhupalpura,15,2,Rainy,22.2,255,3.1,0
Sector 11 Chauraha,0,0,Clear,37.7,165,2.0,0
Bhupalpura,20,5,Clear,37.8,523,6.3,0
Pratap Nagar,13,3,Cloudy,24.4,202,2.4,0
Bedla Road,14,3,Rainy,27.3,257,3.1,0
Pratap Nagar,8,0,Clear,21.3,525,6.3,0
Bedla Road,14,6,Clear,44.3,194,2.3,0
Bhupalpura,16,1,Rainy,34.4,246,3.0,0
Pratap Nagar,23,3,Clear,43.0,93,1.1,0
Sector 11 Chauraha,3,4,Rainy,24.1,257,3.1,0
Delhi Gate,11,6,Rainy,38.5,246,3.0,0
Bhupalpura,4,3,Cloudy,38.0,126,1.5,0
Bedla Road,4,4,Sunny,35.7,143,1.7,0
Madhuban,10,0,Rainy,44.0,684,8.3,1
Bedla Road,5,0,Cloudy,26.8,221,2.7,0
Madhuban,6,6,Sunny,18.9,138,1.7,0
Surajpol,23,3,Clear,35.2,108,1.3,0
Pratap Nagar,13,2,Sunny,36.9,172,2.1,0
Madhuban,23,4,Rainy,32.3,300,3.6,0
Bedla Road,10,1,Rainy,21.2,545,6.6,0
Surajpol,12,3,Rainy,30.1,220,2.7,0
Delhi Gate,1,1,Rainy,24.4,331,4.0,0
Sector 11 Chauraha,6,3,Rainy,27.8,260,3.1,0
Sector 11 Chauraha,19,2,Cloudy,34.4,587,7.1,1
Sector 11 Chauraha,3,2,Rainy,37.4,266,3.2,0
Madhuban,7,6,Cloudy,22.0,57,0.7,0
Delhi Gate,19,6,Clear,27.2,377,4.6,0
Madhuban,21,2,Rainy,23.1,311,3.8,0
Pratap Nagar,20,5,Rainy,21.0,453,5.5,0
Madhuban,18,2,Sunny,38.5,540,6.5,0
Delhi Gate,12,0,Clear,42.3,182,2.2,0
Delhi Gate,13,0,Rainy,26.1,317,3.8,0
Pratap Nagar,9,5,Rainy,37.5,458,5.5,0
Delhi Gate,10,4,Clear,41.9,492,5.9,0
Bedla Road,1,1,Cloudy,40.4,268,3.2,0
Delhi Gate,8,3,Rainy,20.5,585,7.1,1
Sector 11 Chauraha,16,3,Sunny,43.7,252,3.0,0
Bedla Road,2,5,Rainy,26.3,242,2.9,0
Bedla Road,23,0,Sunny,25.2,227,2.7,0
Pratap Nagar,5,6,Sunny,16.9,82,1.0,0
Hiran Magri,4,3,Rainy,29.6,378,4.6,0
Hiran Magri,4,0,Rainy,18.3,298,3.6,0
Delhi Gate,21,4,Sunny,22.5,256,3.1,0
Bedla Road,14,1,Clear,24.5,252,3.0,0
Hiran Magri,22,4,Clear,39.3,178,2.2,0
Hiran Magri,16,5,Rainy,41.3,241,2.9,0
Delhi Gate,8,2,Cloudy,24.1,433,5.2,0
Hiran Magri,2,2,Clear,40.8,186,2.2,0
Madhuban,19,2,Rainy,40.7,697,8.4,1
Surajpol,16,4,Clear,37.9,223,2.7,0
Pratap Nagar,9,3,Cloudy,19.4,458,5.5,0
Surajpol,2,1,Rainy,35.7,176,2.1,0
Delhi Gate,17,2,Cloudy,43.4,587,7.1,1
Sector 11 Chauraha,17,5,Rainy,35.5,547,6.6,0
Pratap Nagar,16,5,Cloudy,24.9,134,1.6,0
Delhi Gate,23,2,Clear,30.0,197,2.4,0
Bedla Road,2,2,Clear,34.4,189,2.3,0
Sector 11 Chauraha,2,1,Cloudy,30.3,169,2.0,0
Surajpol,5,2,Cloudy,18.6,237,2.9,0
Delhi Gate,12,1,Cloudy,24.4,189,2.3,0
Bedla Road,23,5,Rainy,39.1,274,3.3,0
Pratap Nagar,14,2,Clear,40.8,270,3.3,0
Pratap Nagar,8,4,Rainy,19.1,580,7.0,0
Bhupalpura,3,6,Clear,43.6,92,1.1,0
Bedla Road,13,4,Sunny,24.9,202,2.4,0
Madhuban,4,5,Rainy,34.9,209,2.5,0
Hiran Magri,1,1,Clear,37.6,179,2.2,0
Sector 11 Chauraha,10,4,Clear,39.4,515,6.2,0
Bedla Road,8,1,Rainy,43.4,486,5.9,0
Bhupalpura,23,4,Rainy,24.4,350,4.2,0
Hiran Magri,2,4,Clear,40.8,125,1.5,0
Hiran Magri,8,1,Rainy,19.0,476,5.8,0
Delhi Gate,2,3,Cloudy,36.2,204,2.5,0
Hiran Magri,1,4,Rainy,37.3,354,4.3,0
Madhuban,11,2,Rainy,35.3,307,3.7,0
Pratap Nagar,9,6,Rainy,22.6,384,4.6,0
Bhupalpura,8,5,Clear,41.2,369,4.5,0
Hiran Magri,14,3,Cloudy,20.1,248,3.0,0
Delhi Gate,7,1,Sunny,16.6,199,2.4,0
Madhuban,4,3,Sunny,36.5,203,2.5,0
Surajpol,10,0,Cloudy,29.3,506,6.1,0
Pratap Nagar,1,0,Cloudy,40.5,144,1.7,0
Pratap Nagar,23,4,Cloudy,26.5,109,1.3,0
Bhupalpura,14,4,Clear,20.0,123,1.5,0
Pratap Nagar,5,2,Sunny,40.1,124,1.5,0
Hiran Magri,7,6,Cloudy,31.5,188,2.3,0
Delhi Gate,4,5,Clear,20.7,85,1.0,0
Pratap Nagar,15,3,Sunny,36.6,138,1.7,0
Pratap Nagar,17,0,Rainy,30.3,559,6.8,0
Surajpol,5,4,Clear,33.1,156,1.9,0
Surajpol,4,5,Sunny,28.8,190,2.3,0
Sector 11 Chauraha,15,3,Clear,39.9,235,2.8,0
Madhuban,12,4,Sunny,39.9,167,2.0,0
Hiran Magri,4,4,Sunny,36.3,218,2.6,0
Pratap Nagar,12,0,Rainy,18.2,232,2.8,0
Bedla Road,16,0,Clear,40.2,177,2.1,0
Pratap Nagar,17,4,Cloudy,35.1,423,5.1,0
Delhi Gate,7,1,Rainy,35.9,286,3.5,0
Sector 11 Chauraha,12,4,Rainy,25.9,270,3.3,0
Madhuban,18,5,Sunny,41.4,298,3.6,0
Bedla Road,2,4,Cloudy,36.8,122,1.5,0
Sector 11 Chauraha,23,2,Clear,18.4,174,2.1,0
Bhupalpura,7,6,Cloudy,27.2,105,1.3,0
Madhuban,1,2,Cloudy,41.6,192,2.3,0
Pratap Nagar,7,2,Cloudy,16.4,157,1.9,0
Pratap Nagar,12,1,Cloudy,43.8,191,2.3,0
Madhuban,12,1,Cloudy,35.4,222,2.7,0
Pratap Nagar,0,4,Sunny,33.9,186,2.2,0
Hiran Magri,5,2,Sunny,23.1,279,3.4,0
Madhuban,23,1,Rainy,22.5,271,3.3,0
Sector 11 Chauraha,18,0,Sunny,43.3,356,4.3,0
Madhuban,15,4,Rainy,23.9,232,2.8,0
Bedla Road,7,5,Rainy,38.3,262,3.2,0
Pratap Nagar,0,6,Clear,26.8,192,2.3,0
Hiran Magri,15,3,Cloudy,19.2,237,2.9,0
Hiran Magri,8,4,Sunny,15.3,541,6.5,0
Bhupalpura,12,3,Clear,31.3,252,3.0,0
Sector 11 Chauraha,10,2,Sunny,44.3,468,5.7,0
Surajpol,12,6,Rainy,26.1,235,2.8,0
Surajpol,20,3,Sunny,25.7,341,4.1,0
Madhuban,9,2,Cloudy,25.3,439,5.3,0
Bhupalpura,3,0,Rainy,30.6,302,3.7,0
Delhi Gate,5,3,Rainy,28.2,202,2.4,0
Madhuban,6,6,Clear,41.4,120,1.5,0
Bhupalpura,4,4,Cloudy,30.2,192,2.3,0
Sector 11 Chauraha,10,2,Rainy,30.2,425,5.1,0
Sector 11 Chauraha,12,4,Cloudy,19.2,280,3.4,0
Sector 11 Chauraha,18,6,Sunny,44.5,431,5.2,0
Sector 11 Chauraha,22,1,Cloudy,22.5,176,2.1,0
Sector 11 Chauraha,9,2,Rainy,17.2,533,6.4,0
Bhupalpura,9,3,Clear,34.9,474,5.7,0
Bhupalpura,10,2,Rainy,32.9,529,6.4,0
Hiran Magri,20,4,Cloudy,27.5,570,6.9,0
Bedla Road,6,0,Cloudy,27.7,253,3.1,0
Surajpol,17,2,Rainy,38.6,510,6.2,0
Pratap Nagar,3,3,Cloudy,20.9,286,3.5,0
Sector 11 Chauraha,1,1,Sunny,39.6,172,2.1,0
Delhi Gate,13,5,Rainy,34.5,229,2.8,0
Pratap Nagar,12,0,Clear,27.6,228,2.8,0
Bhupalpura,11,1,Rainy,28.7,345,4.2,0
Delhi Gate,6,2,Sunny,22.7,151,1.8,0
Delhi Gate,1,4,Sunny,37.6,245,3.0,0
Delhi Gate,12,6,Sunny,30.4,131,1.6,0
Hiran Magri,13,4,Sunny,24.6,258,3.1,0
Bhupalpura,16,3,Sunny,32.9,176,2.1,0
Delhi Gate,8,4,Clear,44.9,505,6.1,0
Sector 11 Chauraha,16,0,Cloudy,28.1,232,2.8,0
Madhuban,7,4,Sunny,42.6,170,2.1,0
Delhi Gate,1,3,Sunny,25.4,130,1.6,0
Hiran Magri,23,5,Rainy,16.6,161,1.9,0
Pratap Nagar,12,2,Clear,21.1,164,2.0,0
Bhupalpura,2,6,Clear,27.6,144,1.7,0
Bedla Road,15,2,Cloudy,21.6,140,1.7,0
Hiran Magri,5,4,Clear,15.0,173,2.1,0
Delhi Gate,18,1,Rainy,42.5,508,6.1,0
Bhupalpura,6,2,Rainy,40.3,352,4.3,0
Madhuban,9,5,Cloudy,37.3,279,3.4,0
Delhi Gate,8,4,Rainy,20.0,489,5.9,0
Hiran Magri,1,6,Sunny,18.6,92,1.1,0
Surajpol,14,3,Sunny,17.0,133,1.6,0
Sector 11 Chauraha,4,5,Rainy,36.7,231,2.8,0
Bedla Road,21,4,Cloudy,42.9,151,1.8,0
Pratap Nagar,3,5,Clear,27.9,88,1.1,0
Hiran Magri,19,2,Cloudy,18.6,487,5.9,0
Bhupalpura,3,6,Clear,30.4,78,0.9,0
Bedla Road,17,3,Rainy,25.5,696,8.4,1
Bedla Road,3,4,Rainy,26.2,358,4.3,0
Bedla Road,16,0,Sunny,33.6,270,3.3,0
Delhi Gate,11,3,Clear,36.6,142,1.7,0
Sector 11 Chauraha,21,0,Cloudy,18.3,185,2.2,0
Delhi Gate,16,5,Rainy,16.1,183,2.2,0
Bhupalpura,9,1,Cloudy,44.8,446,5.4,0
Delhi Gate,21,3,Sunny,22.0,203,2.5,0
Surajpol,0,5,Clear,16.6,178,2.2,0
Sector 11 Chauraha,21,0,Clear,20.7,199,2.4,0
Sector 11 Chauraha,23,2,Rainy,16.2,336,4.1,0
Bhupalpura,17,2,Clear,26.8,586,7.1,1
Pratap Nagar,17,1,Rainy,39.1,616,7.4,1
Surajpol,13,3,Sunny,25.2,181,2.2,0
Hiran Magri,14,3,Clear,28.3,216,2.6,0
Delhi Gate,11,3,Rainy,35.3,288,3.5,0
Madhuban,3,5,Cloudy,30.3,140,1.7,0
Delhi Gate,2,6,Rainy,40.8,242,2.9,0
Bedla Road,19,6,Clear,41.0,440,5.3,0
Delhi Gate,11,1,Sunny,15.3,160,1.9,0
Hiran Magri,6,3,Clear,38.3,232,2.8,0
Delhi Gate,10,5,Clear,28.8,266,3.2,0
Surajpol,0,2,Rainy,44.7,307,3.7,0
Surajpol,5,0,Cloudy,29.5,218,2.6,0
Sector 11 Chauraha,14,5,Clear,44.6,133,1.6,0
Bhupalpura,14,6,Cloudy,37.6,102,1.2,0
Pratap Nagar,18,6,Rainy,22.5,524,6.3,0
Madhuban,10,2,Cloudy,31.2,500,6.0,0
Bedla Road,22,2,Rainy,44.8,267,3.2,0
Delhi Gate,1,0,Sunny,40.7,241,2.9,0
Delhi Gate,13,2,Cloudy,17.9,217,2.6,0
Hiran Magri,1,1,Cloudy,36.2,236,2.9,0
Bhupalpura,3,0,Sunny,25.4,234,2.8,0
Surajpol,16,2,Cloudy,15.2,232,2.8,0
Madhuban,2,4,Sunny,27.1,176,2.1,0
Sector 11 Chauraha,12,5,Clear,22.0,183,2.2,0
Surajpol,8,2,Rainy,39.6,496,6.0,0
Bedla Road,6,1,Sunny,25.1,244,3.0,0
Bhupalpura,14,3,Cloudy,39.8,100,1.2,0
Bedla Road,22,2,Sunny,15.0,112,1.4,0
Pratap Nagar,10,6,Cloudy,24.2,368,4.4,0
Sector 11 Chauraha,19,6,Clear,22.2,445,5.4,0
Pratap Nagar,1,6,Sunny,22.0,86,1.0,0
Hiran Magri,14,3,Clear,17.0,226,2.7,0
Bedla Road,13,6,Rainy,20.6,254,3.1,0
Hiran Magri,19,4,Cloudy,31.7,555,6.7,0
Delhi Gate,21,2,Cloudy,23.7,196,2.4,0
Pratap Nagar,10,6,Clear,27.5,404,4.9,0
Bhupalpura,2,0,Rainy,26.3,324,3.9,0
Bedla Road,16,3,Sunny,41.3,123,1.5,0
Madhuban,11,4,Sunny,42.2,151,1.8,0
Sector 11 Chauraha,23,0,Cloudy,29.8,224,2.7,0
Surajpol,20,0,Clear,24.9,588,7.1,1
Bhupalpura,14,0,Clear,18.2,226,2.7,0
Bhupalpura,15,0,Sunny,43.6,185,2.2,0
Hiran Magri,4,2,Rainy,16.8,405,4.9,0
Pratap Nagar,19,6,Rainy,23.9,473,5.7,0
Bedla Road,5,5,Sunny,23.9,138,1.7,0
Bedla Road,18,2,Sunny,24.6,582,7.0,0
Delhi Gate,4,2,Clear,19.9,213,2.6,0
Delhi Gate,2,4,Rainy,38.5,263,3.2,0
Sector 11 Chauraha,0,4,Sunny,18.7,199,2.4,0
Hiran Magri,5,6,Sunny,34.0,77,0.9,0
Bhupalpura,14,5,Cloudy,18.7,84,1.0,0
Bedla Road,1,4,Sunny,17.1,237,2.9,0
Madhuban,2,6,Sunny,42.3,187,2.3,0
Hiran Magri,16,6,Rainy,20.7,167,2.0,0
Sector 11 Chauraha,23,1,Clear,39.6,149,1.8,0
Sector 11 Chauraha,11,5,Rainy,31.3,185,2.2,0
Hiran Magri,17,4,Clear,17.3,518,6.3,0
Sector 11 Chauraha,14,5,Cloudy,43.7,160,1.9,0
Hiran Magri,11,2,Sunny,22.4,136,1.6,0
Surajpol,15,2,Cloudy,40.8,211,2.6,0
Hiran Magri,7,5,Clear,20.1,154,1.9,0
Pratap Nagar,13,1,Rainy,40.6,368,4.4,0
Hiran Magri,16,1,Rainy,15.4,283,3.4,0
Sector 11 Chauraha,20,5,Cloudy,30.4,411,5.0,0
Bedla Road,7,4,Clear,38.1,183,2.2,0
Pratap Nagar,14,3,Cloudy,43.0,182,2.2,0
Sector 11 Chauraha,13,1,Cloudy,42.3,115,1.4,0
Delhi Gate,17,0,Sunny,39.6,492,5.9,0
Delhi Gate,19,2,Cloudy,41.6,555,6.7,0
Bedla Road,6,5,Sunny,21.0,168,2.0,0
Bedla Road,2,0,Sunny,23.5,132,1.6,0
Pratap Nagar,11,5,Rainy,23.7,228,2.8,0
Surajpol,20,6,Sunny,26.3,428,5.2,0
Bedla Road,23,2,Sunny,26.8,192,2.3,0
Delhi Gate,2,2,Rainy,31.3,268,3.2,0
Hiran Magri,19,1,Cloudy,19.8,494,6.0,0
Sector 11 Chauraha,13,1,Clear,35.7,120,1.5,0
Delhi Gate,14,0,Clear,20.0,114,1.4,0
Delhi Gate,13,6,Clear,24.3,111,1.3,0
Surajpol,6,5,Cloudy,30.1,142,1.7,0
Pratap Nagar,16,6,Sunny,38.9,63,0.8,0
Pratap Nagar,11,2,Clear,37.2,217,2.6,0
Bhupalpura,19,0,Cloudy,34.4,364,4.4,0
Surajpol,3,3,Sunny,19.7,138,1.7,0
Hiran Magri,8,0,Rainy,31.4,599,7.2,1
Pratap Nagar,5,4,Clear,17.6,184,2.2,0
Sector 11 Chauraha,15,0,Sunny,26.3,160,1.9,0
Bedla Road,21,6,Clear,27.4,100,1.2,0
Surajpol,21,4,Clear,16.2,192,2.3,0
Bedla Road,20,4,Clear,23.2,465,5.6,0
Delhi Gate,20,4,Sunny,43.7,457,5.5,0
Sector 11 Chauraha,1,3,Cloudy,43.6,262,3.2,0
Sector 11 Chauraha,23,0,Sunny,25.6,183,2.2,0
Delhi Gate,7,6,Clear,16.3,59,0.7,0
Surajpol,10,0,Sunny,20.4,458,5.5,0
Delhi Gate,12,3,Rainy,26.8,265,3.2,0
Bedla Road,16,2,Cloudy,43.4,151,1.8,0
Bhupalpura,7,1,Sunny,19.2,169,2.0,0
Sector 11 Chauraha,20,6,Rainy,37.9,423,5.1,0
Madhuban,17,6,Cloudy,18.3,389,4.7,0
Madhuban,17,0,Rainy,44.4,594,7.2,1
Bedla Road,13,1,Cloudy,26.4,178,2.2,0
Hiran Magri,14,5,Sunny,38.3,197,2.4,0
Pratap Nagar,5,5,Rainy,25.3,264,3.2,0
Delhi Gate,10,3,Clear,33.8,410,5.0,0
Delhi Gate,12,5,Rainy,20.8,229,2.8,0
Hiran Magri,0,6,Cloudy,19.4,83,1.0,0
Hiran Magri,5,5,Sunny,43.1,173,2.1,0
Bedla Road,8,2,Cloudy,42.5,543,6.6,0
Bedla Road,7,2,Rainy,41.6,312,3.8,0
Hiran Magri,10,2,Rainy,33.8,554,6.7,0
Sector 11 Chauraha,21,5,Clear,39.2,110,1.3,0
Bedla Road,18,3,Sunny,17.1,383,4.6,0
Bhupalpura,23,4,Sunny,25.0,179,2.2,0
Bedla Road,8,4,Rainy,24.4,556,6.7,0
Delhi Gate,16,1,Sunny,34.1,225,2.7,0
Bedla Road,11,4,Clear,25.7,148,1.8,0
Sector 11 Chauraha,13,4,Cloudy,19.5,271,3.3,0
Hiran Magri,14,2,Sunny,32.9,208,2.5,0
Delhi Gate,15,2,Rainy,39.4,227,2.7,0
Bedla Road,21,5,Cloudy,26.5,77,0.9,0
Sector 11 Chauraha,21,1,Cloudy,19.0,148,1.8,0
Bhupalpura,19,0,Clear,20.9,462,5.6,0
Bedla Road,0,6,Rainy,22.1,305,3.7,0
Sector 11 Chauraha,9,1,Sunny,24.0,499,6.0,0
Bhupalpura,7,1,Rainy,34.3,362,4.4,0
Hiran Magri,17,3,Cloudy,33.0,533,6.4,0
Bedla Road,0,5,Rainy,35.9,288,3.5,0
Bhupalpura,1,3,Sunny,25.9,282,3.4,0
Delhi Gate,0,1,Sunny,39.7,261,3.2,0
Hiran Magri,0,1,Clear,21.1,125,1.5,0
Delhi Gate,8,1,Sunny,29.1,427,5.2,0
Madhuban,12,4,Sunny,39.0,185,2.2,0
Surajpol,0,6,Rainy,20.4,176,2.1,0
Bedla Road,12,6,Rainy,18.3,284,3.4,0
Bhupalpura,19,3,Cloudy,41.5,561,6.8,0
Surajpol,21,1,Clear,25.3,156,1.9,0
Surajpol,6,6,Rainy,35.5,234,2.8,0
Bhupalpura,1,2,Sunny,15.8,90,1.1,0
Hiran Magri,5,6,Cloudy,35.7,57,0.7,0
Bedla Road,6,5,Rainy,24.5,270,3.3,0
Madhuban,13,5,Clear,16.7,108,1.3,0
Delhi Gate,17,6,Clear,33.3,372,4.5,0
Sector 11 Chauraha,14,2,Cloudy,22.2,262,3.2,0
Delhi Gate,1,5,Cloudy,26.6,69,0.8,0
Sector 11 Chauraha,9,4,Cloudy,17.4,413,5.0,0
Delhi Gate,22,6,Cloudy,19.4,179,2.2,0
Bhupalpura,11,4,Cloudy,23.9,147,1.8,0
Madhuban,16,6,Sunny,17.7,178,2.2,0
Bedla Road,7,0,Sunny,42.3,275,3.3,0
Sector 11 Chauraha,10,0,Rainy,15.2,635,7.7,1
Bedla Road,2,0,Clear,29.5,143,1.7,0
Bedla Road,5,5,Sunny,18.7,171,2.1,0
Bedla Road,8,4,Sunny,24.2,327,4.0,0
Pratap Nagar,5,4,Sunny,42.8,268,3.2,0
Hiran Magri,8,4,Rainy,19.9,477,5.8,0
Delhi Gate,6,2,Cloudy,44.0,132,1.6,0
Bedla Road,8,4,Rainy,21.2,379,4.6,0
Delhi Gate,17,2,Clear,37.2,536,6.5,0
Bedla Road,11,0,Clear,31.4,177,2.1,0
Sector 11 Chauraha,7,0,Clear,41.5,160,1.9,0
Hiran Magri,7,5,Clear,31.6,119,1.4,0
Hiran Magri,17,6,Sunny,31.0,461,5.6,0
Bhupalpura,19,0,Sunny,20.9,575,7.0,0
Pratap Nagar,14,6,Rainy,20.0,177,2.1,0
Bhupalpura,6,6,Cloudy,42.5,155,1.9,0
Bhupalpura,10,5,Clear,24.8,360,4.4,0
Bhupalpura,19,1,Rainy,26.2,456,5.5,0
Bhupalpura,15,1,Sunny,37.8,202,2.4,0
Bhupalpura,3,3,Sunny,25.2,138,1.7,0
Madhuban,5,5,Cloudy,43.6,190,2.3,0
Hiran Magri,21,3,Cloudy,37.1,139,1.7,0
Bhupalpura,2,3,Cloudy,32.9,159,1.9,0
Bedla Road,8,1,Rainy,41.4,436,5.3,0
Hiran Magri,9,5,Sunny,16.5,376,4.5,0
Hiran Magri,13,1,Sunny,22.7,150,1.8,0
Surajpol,10,3,Cloudy,29.0,498,6.0,0
Madhuban,17,5,Clear,21.8,514,6.2,0
Bhupalpura,21,3,Cloudy,37.3,273,3.3,0
Delhi Gate,11,4,Rainy,42.6,307,3.7,0
Sector 11 Chauraha,22,6,Cloudy,27.7,188,2.3,0
Pratap Nagar,11,5,Cloudy,25.3,166,2.0,0
Bedla Road,12,5,Rainy,43.8,144,1.7,0
Delhi Gate,12,6,Cloudy,28.3,69,0.8,0
Madhuban,18,3,Sunny,29.7,601,7.3,1
Sector 11 Chauraha,18,4,Clear,25.5,416,5.0,0
Madhuban,22,2,Cloudy,42.3,220,2.7,0
Bedla Road,13,6,Rainy,32.1,159,1.9,0
Hiran Magri,3,1,Clear,37.9,221,2.7,0
Sector 11 Chauraha,12,3,Rainy,39.4,334,4.0,0
Hiran Magri,7,6,Clear,25.3,159,1.9,0
Bedla Road,22,6,Clear,28.0,164,2.0,0
Delhi Gate,20,5,Cloudy,40.5,330,4.0,0
Bedla Road,22,1,Sunny,25.9,170,2.1,0
Delhi Gate,18,1,Cloudy,38.8,453,5.5,0
Sector 11 Chauraha,11,1,Rainy,43.2,298,3.6,0
Sector 11 Chauraha,17,6,Rainy,33.7,494,6.0,0
Bhupalpura,5,2,Clear,37.2,191,2.3,0
Madhuban,17,0,Clear,39.2,653,7.9,1
Bhupalpura,18,3,Sunny,40.4,491,5.9,0
Madhuban,21,0,Cloudy,26.9,257,3.1,0
Bhupalpura,4,6,Rainy,16.5,176,2.1,0
Hiran Magri,23,0,Clear,27.1,190,2.3,0
Sector 11 Chauraha,8,6,Sunny,35.2,316,3.8,0
Delhi Gate,2,0,Rainy,28.5,267,3.2,0
Madhuban,9,1,Clear,37.5,518,6.3,0
Bedla Road,18,4,Rainy,25.7,663,8.0,1
Madhuban,2,1,Sunny,34.0,248,3.0,0
Delhi Gate,21,1,Sunny,20.6,181,2.2,0
Bhupalpura,14,5,Rainy,37.5,157,1.9,0
Madhuban,0,5,Cloudy,31.4,138,1.7,0
Pratap Nagar,6,0,Rainy,21.1,216,2.6,0
Hiran Magri,11,6,Clear,23.8,75,0.9,0
Sector 11 Chauraha,16,1,Cloudy,37.5,150,1.8,0
Delhi Gate,20,0,Clear,29.5,470,5.7,0
Sector 11 Chauraha,23,5,Rainy,21.5,120,1.5,0
Pratap Nagar,19,4,Cloudy,44.0,547,6.6,0
Madhuban,4,3,Clear,36.5,292,3.5,0
Madhuban,3,0,Rainy,43.7,235,2.8,0
Bedla Road,11,4,Rainy,27.8,288,3.5,0
Pratap Nagar,19,3,Cloudy,29.3,526,6.4,0
Delhi Gate,23,2,Rainy,41.9,232,2.8,0
Bedla Road,17,0,Sunny,30.8,585,7.1,1
Hiran Magri,16,0,Clear,36.2,161,1.9,0
Bedla Road,18,2,Clear,22.6,458,5.5,0
Surajpol,8,2,Rainy,28.4,575,7.0,0
Delhi Gate,3,0,Rainy,18.7,309,3.7,0
Surajpol,20,2,Sunny,21.2,459,5.6,0
Pratap Nagar,1,1,Cloudy,15.0,176,2.1,0
Bhupalpura,3,3,Rainy,16.2,318,3.8,0
Surajpol,1,3,Rainy,44.3,314,3.8,0
Hiran Magri,14,3,Rainy,22.3,293,3.5,0
Bedla Road,1,1,Rainy,34.9,315,3.8,0
Bhupalpura,3,6,Clear,40.2,124,1.5,0
Bedla Road,5,2,Rainy,31.5,154,1.9,0
Surajpol,6,4,Clear,19.6,153,1.9,0
Bedla Road,9,2,Rainy,36.8,688,8.3,1
Pratap Nagar,18,0,Cloudy,33.0,390,4.7,0
Bhupalpura,18,5,Sunny,36.9,507,6.1,0
Pratap Nagar,21,3,Cloudy,38.1,201,2.4,0
Surajpol,11,2,Rainy,44.3,253,3.1,0
Pratap Nagar,2,4,Rainy,32.2,222,2.7,0
Hiran Magri,12,0,Rainy,25.2,217,2.6,0
Surajpol,17,1,Cloudy,34.5,379,4.6,0
Surajpol,7,6,Rainy,17.1,167,2.0,0
Surajpol,20,1,Cloudy,41.9,430,5.2,0
Delhi Gate,14,4,Clear,18.6,167,2.0,0
Bedla Road,0,0,Sunny,24.8,208,2.5,0
Delhi Gate,2,3,Sunny,39.5,262,3.2,0
Delhi Gate,7,2,Cloudy,32.9,137,1.7,0
Hiran Magri,3,0,Clear,26.8,106,1.3,0
Bhupalpura,15,6,Cloudy,29.2,185,2.2,0
Bedla Road,22,1,Clear,40.6,143,1.7,0
Pratap Nagar,9,6,Rainy,25.2,523,6.3,0
Madhuban,11,6,Clear,41.1,194,2.3,0
Surajpol,13,4,Clear,17.6,233,2.8,0
Pratap Nagar,13,4,Clear,38.3,156,1.9,0
Surajpol,1,2,Sunny,40.4,213,2.6,0
Hiran Magri,22,4,Clear,20.5,228,2.8,0
Surajpol,4,4,Rainy,27.9,387,4.7,0
Delhi Gate,4,0,Rainy,20.0,171,2.1,0
Bedla Road,5,3,Rainy,36.2,272,3.3,0
Madhuban,12,2,Clear,31.1,183,2.2,0
Sector 11 Chauraha,8,0,Cloudy,34.1,476,5.8,0
Surajpol,21,3,Cloudy,20.9,242,2.9,0
Pratap Nagar,14,6,Rainy,21.4,189,2.3,0
Delhi Gate,13,0,Sunny,16.2,186,2.2,0
Sector 11 Chauraha,23,5,Cloudy,24.7,96,1.2,0
Madhuban,6,0,Clear,31.8,199,2.4,0
Sector 11 Chauraha,19,4,Cloudy,40.7,444,5.4,0
Delhi Gate,1,3,Rainy,35.0,333,4.0,0
Bedla Road,6,2,Sunny,28.1,214,2.6,0
Bedla Road,5,2,Cloudy,43.6,194,2.3,0
Bhupalpura,16,3,Cloudy,36.6,284,3.4,0
Bedla Road,1,4,Rainy,42.9,351,4.2,0
Bhupalpura,2,1,Sunny,30.8,166,2.0,0
Sector 11 Chauraha,4,0,Sunny,22.8,153,1.9,0
Hiran Magri,4,4,Rainy,16.6,240,2.9,0
Pratap Nagar,0,5,Clear,36.8,122,1.5,0
Pratap Nagar,7,6,Cloudy,18.6,126,1.5,0
Sector 11 Chauraha,11,3,Clear,24.1,140,1.7,0
Surajpol,23,0,Cloudy,31.0,183,2.2,0
Surajpol,3,2,Cloudy,31.9,251,3.0,0
Bedla Road,12,6,Clear,33.0,126,1.5,0
Pratap Nagar,22,1,Rainy,20.0,187,2.3,0
Pratap Nagar,14,5,Rainy,26.4,214,2.6,0
Bhupalpura,10,2,Cloudy,33.5,308,3.7,0
Hiran Magri,9,3,Rainy,44.1,503,6.1,0
Delhi Gate,2,0,Cloudy,36.8,201,2.4,0
Surajpol,21,3,Rainy,42.7,299,3.6,0
Pratap Nagar,13,6,Cloudy,37.9,126,1.5,0
Bhupalpura,15,0,Rainy,32.8,246,3.0,0
Madhuban,9,4,Sunny,20.8,429,5.2,0
Bhupalpura,9,1,Clear,35.0,294,3.6,0
Surajpol,11,4,Sunny,33.7,228,2.8,0
Surajpol,8,4,Clear,33.1,495,6.0,0
Bhupalpura,0,3,Clear,29.7,290,3.5,0
Delhi Gate,4,6,Cloudy,30.9,174,2.1,0
Sector 11 Chauraha,19,1,Clear,25.0,477,5.8,0
Surajpol,7,0,Sunny,30.6,216,2.6,0
Bhupalpura,10,0,Sunny,20.9,597,7.2,1
Pratap Nagar,11,5,Rainy,39.2,266,3.2,0
Bhupalpura,0,2,Sunny,20.6,173,2.1,0
Hiran Magri,21,5,Rainy,17.5,255,3.1,0
Sector 11 Chauraha,19,5,Clear,28.1,561,6.8,0
Madhuban,10,0,Sunny,34.7,534,6.5,0
Delhi Gate,4,3,Clear,28.1,223,2.7,0
Bedla Road,14,4,Sunny,23.3,278,3.4,0
Madhuban,4,6,Sunny,31.7,92,1.1,0
Sector 11 Chauraha,11,4,Rainy,25.4,197,2.4,0
Sector 11 Chauraha,4,4,Clear,43.0,135,1.6,0
Sector 11 Chauraha,16,1,Sunny,42.7,222,2.7,0
Madhuban,16,0,Cloudy,30.1,133,1.6,0
Pratap Nagar,23,6,Clear,24.8,133,1.6,0
Sector 11 Chauraha,11,3,Clear,37.1,106,1.3,0
Bhupalpura,23,1,Clear,16.1,167,2.0,0
Madhuban,14,2,Rainy,29.2,283,3.4,0
Bedla Road,14,3,Cloudy,25.1,153,1.9,0
Sector 11 Chauraha,5,5,Clear,42.6,98,1.2,0
Bhupalpura,11,3,Sunny,15.4,170,2.1,0
Pratap Nagar,19,3,Sunny,31.6,508,6.1,0
Hiran Magri,17,4,Rainy,37.2,505,6.1,0
Pratap Nagar,13,3,Sunny,29.6,157,1.9,0
Bedla Road,1,5,Clear,17.6,64,0.8,0
Sector 11 Chauraha,8,5,Sunny,44.2,363,4.4,0
Bedla Road,4,0,Clear,30.5,198,2.4,0
Madhuban,19,3,Sunny,33.4,484,5.9,0
Surajpol,0,4,Cloudy,22.1,220,2.7,0
Sector 11 Chauraha,22,3,Rainy,29.5,254,3.1,0
Surajpol,2,2,Rainy,27.9,277,3.3,0
Bhupalpura,5,2,Cloudy,17.2,133,1.6,0
Hiran Magri,4,4,Cloudy,18.2,130,1.6,0
Delhi Gate,20,0,Rainy,40.1,442,5.3,0
Bedla Road,4,0,Cloudy,22.2,164,2.0,0
Pratap Nagar,0,5,Clear,20.8,101,1.2,0
Hiran Magri,16,5,Sunny,30.1,137,1.7,0
Sector 11 Chauraha,18,1,Rainy,38.1,582,7.0,0
Surajpol,13,4,Cloudy,16.9,182,2.2,0
Pratap Nagar,11,3,Clear,32.3,157,1.9,0
Surajpol,9,6,Rainy,18.6,582,7.0,0
Madhuban,19,4,Cloudy,16.1,379,4.6,0
Surajpol,20,1,Rainy,16.6,597,7.2,1
Madhuban,17,5,Cloudy,40.0,428,5.2,0
Bhupalpura,23,4,Rainy,18.5,183,2.2,0
Pratap Nagar,10,4,Clear,16.4,411,5.0,0
Pratap Nagar,1,5,Clear,28.1,122,1.5,0
Delhi Gate,17,1,Sunny,40.3,465,5.6,0
Sector 11 Chauraha,6,5,Rainy,22.9,173,2.1,0
Madhuban,23,0,Sunny,27.7,196,2.4,0
Delhi Gate,14,3,Rainy,16.2,372,4.5,0
Surajpol,10,5,Cloudy,28.5,391,4.7,0
Surajpol,17,1,Cloudy,32.3,446,5.4,0
Delhi Gate,22,2,Sunny,32.1,188,2.3,0
Pratap Nagar,11,0,Rainy,25.0,209,2.5,0
Surajpol,5,2,Sunny,24.5,154,1.9,0
Bedla Road,19,6,Clear,18.2,526,6.4,0
Bhupalpura,22,5,Sunny,26.0,110,1.3,0
Bhupalpura,12,0,Sunny,18.0,116,1.4,0
Bedla Road,19,3,Cloudy,38.0,564,6.8,0
Delhi Gate,15,5,Sunny,44.0,180,2.2,0
Bedla Road,17,3,Rainy,44.1,562,6.8,0
Madhuban,9,4,Cloudy,41.0,367,4.4,0
Madhuban,22,2,Sunny,33.0,130,1.6,0
Delhi Gate,7,0,Clear,36.0,141,1.7,0
Bedla Road,17,3,Sunny,23.6,539,6.5,0
Madhuban,20,1,Sunny,33.9,434,5.2,0
Pratap Nagar,0,3,Sunny,28.7,148,1.8,0
Bedla Road,22,1,Cloudy,29.5,98,1.2,0
Pratap Nagar,7,5,Rainy,37.7,243,2.9,0
Madhuban,5,0,Clear,23.5,206,2.5,0
Bhupalpura,4,3,Sunny,24.5,154,1.9,0
Madhuban,14,6,Rainy,42.7,248,3.0,0
Pratap Nagar,21,3,Rainy,16.7,291,3.5,0
Hiran Magri,14,6,Cloudy,29.6,162,2.0,0
Sector 11 Chauraha,1,0,Clear,42.4,216,2.6,0
Surajpol,0,3,Cloudy,33.3,218,2.6,0
Bedla Road,22,1,Rainy,31.4,334,4.0,0
Hiran Magri,22,3,Rainy,22.5,224,2.7,0
Madhuban,10,2,Rainy,25.3,530,6.4,0
Bhupalpura,9,5,Cloudy,40.6,452,5.5,0
Delhi Gate,17,4,Clear,31.8,489,5.9,0
Madhuban,17,1,Sunny,30.4,573,6.9,0
Bhupalpura,16,2,Cloudy,18.0,186,2.2,0
Sector 11 Chauraha,7,6,Rainy,15.5,236,2.9,0
Madhuban,14,5,Cloudy,43.9,125,1.5,0
Pratap Nagar,7,0,Rainy,26.3,185,2.2,0
Delhi Gate,16,1,Sunny,33.1,264,3.2,0
Bhupalpura,11,4,Sunny,17.4,207,2.5,0
Bhupalpura,7,5,Clear,35.5,171,2.1,0
Bhupalpura,13,6,Rainy,43.0,232,2.8,0
Sector 11 Chauraha,3,4,Clear,32.3,212,2.6,0
Madhuban,0,0,Clear,18.8,149,1.8,0
Sector 11 Chauraha,0,0,Sunny,32.5,118,1.4,0
Bedla Road,18,6,Cloudy,38.0,465,5.6,0
Surajpol,15,1,Cloudy,27.2,123,1.5,0
Surajpol,13,6,Clear,41.4,62,0.7,0
Bedla Road,20,3,Sunny,34.5,472,5.7,0
Madhuban,15,0,Rainy,42.0,262,3.2,0
Pratap Nagar,4,5,Cloudy,33.7,101,1.2,0
Sector 11 Chauraha,8,3,Clear,18.9,447,5.4,0
Delhi Gate,1,2,Cloudy,24.3,226,2.7,0
Bhupalpura,17,4,Cloudy,21.1,514,6.2,0
Bhupalpura,5,3,Rainy,42.3,252,3.0,0
Madhuban,8,4,Sunny,37.8,464,5.6,0
Pratap Nagar,0,6,Rainy,35.3,274,3.3,0
Surajpol,8,3,Sunny,24.0,303,3.7,0
Surajpol,15,6,Cloudy,20.5,158,1.9,0
Bhupalpura,12,2,Clear,37.7,166,2.0,0
Madhuban,8,0,Rainy,29.2,698,8.4,1
Sector 11 Chauraha,20,2,Sunny,21.8,459,5.6,0
Surajpol,12,0,Cloudy,33.5,196,2.4,0
Sector 11 Chauraha,8,6,Sunny,16.2,330,4.0,0
Pratap Nagar,10,0,Sunny,24.8,497,6.0,0
Surajpol,3,4,Sunny,29.1,259,3.1,0
Surajpol,1,5,Cloudy,19.4,158,1.9,0
Hiran Magri,5,2,Clear,44.5,207,2.5,0
Surajpol,13,3,Clear,21.3,275,3.3,0
Bedla Road,3,2,Clear,18.9,293,3.5,0
Delhi Gate,5,4,Sunny,21.1,242,2.9,0
Bedla Road,18,0,Cloudy,38.1,535,6.5,0
Madhuban,5,4,Sunny,27.8,210,2.5,0
Madhuban,1,1,Clear,32.0,136,1.6,0
Sector 11 Chauraha,17,1,Clear,15.6,395,4.8,0
Bedla Road,12,3,Cloudy,16.0,260,3.1,0
Bedla Road,8,4,Sunny,28.4,293,3.5,0
Bedla Road,22,6,Rainy,39.5,192,2.3,0
Pratap Nagar,18,3,Rainy,41.6,568,6.9,0
Surajpol,12,6,Clear,17.6,175,2.1,0
Delhi Gate,10,3,Cloudy,31.2,335,4.1,0
Sector 11 Chauraha,0,1,Sunny,42.4,229,2.8,0
Bedla Road,23,3,Sunny,26.6,203,2.5,0
Bedla Road,21,1,Clear,39.9,260,3.1,0
Hiran Magri,6,0,Clear,19.0,186,2.2,0
Sector 11 Chauraha,20,6,Sunny,43.1,303,3.7,0
Bedla Road,14,4,Sunny,37.5,101,1.2,0
Sector 11 Chauraha,0,3,Clear,43.2,120,1.5,0
Surajpol,11,1,Sunny,35.3,157,1.9,0
Hiran Magri,6,2,Rainy,25.9,355,4.3,0
Sector 11 Chauraha,14,6,Clear,43.1,182,2.2,0
Delhi Gate,20,3,Sunny,23.3,600,7.3,1
Delhi Gate,18,5,Clear,25.0,552,6.7,0
Madhuban,0,0,Cloudy,36.0,139,1.7,0
Hiran Magri,16,0,Clear,38.0,98,1.2,0
Hiran Magri,16,2,Clear,42.9,197,2.4,0
Madhuban,2,1,Cloudy,21.1,197,2.4,0
Sector 11 Chauraha,11,3,Rainy,38.9,328,4.0,0
Hiran Magri,5,6,Sunny,37.2,82,1.0,0
Delhi Gate,10,1,Cloudy,16.9,469,5.7,0
Delhi Gate,2,0,Clear,26.6,116,1.4,0
Bedla Road,7,1,Sunny,23.5,132,1.6,0
Surajpol,13,0,Cloudy,24.1,224,2.7,0
Hiran Magri,13,1,Sunny,44.5,230,2.8,0
Sector 11 Chauraha,9,2,Sunny,34.3,449,5.4,0
Madhuban,1,4,Cloudy,36.5,227,2.7,0
Madhuban,13,2,Sunny,44.3,137,1.7,0
Sector 11 Chauraha,8,2,Rainy,26.3,442,5.3,0
Pratap Nagar,2,4,Cloudy,39.1,273,3.3,0
Bhupalpura,20,4,Rainy,28.0,715,8.6,1
Surajpol,7,3,Clear,41.1,166,2.0,0
Madhuban,15,6,Sunny,20.4,179,2.2,0
Hiran Magri,1,6,Clear,43.4,76,0.9,0
Surajpol,5,3,Clear,21.6,218,2.6,0
Hiran Magri,20,2,Sunny,24.8,440,5.3,0
Pratap Nagar,11,2,Cloudy,37.7,153,1.9,0
Delhi Gate,4,0,Sunny,26.8,171,2.1,0
Surajpol,1,0,Clear,33.2,153,1.9,0
Bedla Road,15,6,Clear,28.3,191,2.3,0
Madhuban,4,3,Cloudy,37.3,245,3.0,0
Surajpol,14,5,Sunny,21.8,155,1.9,0
Surajpol,11,5,Clear,16.8,142,1.7,0
Surajpol,3,3,Rainy,24.0,230,2.8,0
Bhupalpura,14,0,Clear,29.2,184,2.2,0
Surajpol,10,6,Clear,20.0,376,4.5,0
Hiran Magri,15,6,Cloudy,25.6,112,1.4,0
Delhi Gate,22,0,Rainy,27.0,364,4.4,0
Pratap Nagar,5,5,Clear,16.7,139,1.7,0
Sector 11 Chauraha,13,1,Clear,32.5,192,2.3,0
Surajpol,17,1,Rainy,41.5,657,7.9,1
Madhuban,11,0,Sunny,19.6,223,2.7,0
Surajpol,10,1,Sunny,32.9,334,4.0,0
Madhuban,12,4,Clear,34.9,207,2.5,0
Hiran Magri,20,3,Clear,27.6,676,8.2,1
Madhuban,22,3,Sunny,36.0,236,2.9,0
Bedla Road,10,0,Cloudy,27.3,430,5.2,0
Sector 11 Chauraha,22,2,Rainy,30.1,313,3.8,0
Delhi Gate,15,5,Rainy,15.2,112,1.4,0
Madhuban,14,0,Cloudy,35.8,162,2.0,0
Madhuban,20,1,Cloudy,34.8,378,4.6,0
Delhi Gate,14,5,Cloudy,16.2,101,1.2,0
Sector 11 Chauraha,3,2,Cloudy,26.0,262,3.2,0
Surajpol,10,1,Cloudy,44.4,432,5.2,0
Madhuban,18,6,Cloudy,27.6,457,5.5,0
Delhi Gate,14,4,Rainy,30.1,166,2.0,0
Bedla Road,3,1,Cloudy,42.3,176,2.1,0
Bedla Road,20,4,Sunny,36.5,643,7.8,1
Hiran Magri,12,5,Cloudy,32.5,112,1.4,0
Delhi Gate,21,4,Cloudy,38.9,159,1.9,0
Hiran Magri,18,5,Rainy,40.9,520,6.3,0
Bedla Road,1,5,Rainy,28.7,259,3.1,0
Sector 11 Chauraha,13,5,Cloudy,29.3,102,1.2,0
Surajpol,3,5,Rainy,26.6,315,3.8,0
Delhi Gate,15,5,Clear,44.0,123,1.5,0
Pratap Nagar,20,1,Rainy,35.9,552,6.7,0
Bedla Road,19,5,Rainy,17.5,530,6.4,0
Bedla Road,13,1,Rainy,40.9,334,4.0,0
Pratap Nagar,14,5,Rainy,29.4,130,1.6,0
Bhupalpura,2,4,Sunny,17.1,266,3.2,0
Bedla Road,7,6,Sunny,31.5,107,1.3,0
Madhuban,15,5,Sunny,27.5,154,1.9,0
Sector 11 Chauraha,9,2,Cloudy,41.3,453,5.5,0
Delhi Gate,3,5,Cloudy,21.1,59,0.7,0
Pratap Nagar,17,5,Clear,39.8,419,5.1,0
Madhuban,1,4,Sunny,31.7,166,2.0,0
Pratap Nagar,16,3,Cloudy,16.6,252,3.0,0
Delhi Gate,12,4,Rainy,44.2,255,3.1,0
Hiran Magri,3,2,Rainy,30.4,210,2.5,0
Delhi Gate,10,3,Sunny,23.7,489,5.9,0
Bhupalpura,6,0,Clear,29.1,237,2.9,0
Delhi Gate,11,0,Clear,40.7,194,2.3,0
Delhi Gate,9,2,Rainy,24.1,592,7.2,1
Bhupalpura,6,4,Clear,20.8,168,2.0,0
Sector 11 Chauraha,12,1,Sunny,18.9,223,2.7,0
Bedla Road,6,2,Rainy,23.9,293,3.5,0
Delhi Gate,23,6,Cloudy,38.4,174,2.1,0
Bhupalpura,16,3,Cloudy,29.1,212,2.6,0
Madhuban,9,3,Clear,21.8,357,4.3,0
Hiran Magri,9,5,Rainy,20.0,411,5.0,0
Hiran Magri,23,0,Rainy,25.0,285,3.4,0
Delhi Gate,3,3,Cloudy,43.2,147,1.8,0
Sector 11 Chauraha,19,2,Rainy,25.3,516,6.2,0
Sector 11 Chauraha,3,3,Rainy,44.6,251,3.0,0
Madhuban,21,2,Rainy,29.6,306,3.7,0
Delhi Gate,6,1,Clear,20.4,200,2.4,0
Hiran Magri,21,5,Rainy,41.7,239,2.9,0
Sector 11 Chauraha,0,0,Sunny,28.8,199,2.4,0
Delhi Gate,11,3,Clear,36.3,234,2.8,0
Pratap Nagar,23,2,Rainy,44.5,238,2.9,0
Sector 11 Chauraha,12,4,Rainy,16.5,254,3.1,0
Bhupalpura,9,0,Sunny,17.9,423,5.1,0
Pratap Nagar,14,1,Clear,36.6,229,2.8,0
Bedla Road,12,2,Cloudy,23.5,149,1.8,0
Sector 11 Chauraha,22,6,Cloudy,20.5,135,1.6,0
Hiran Magri,21,6,Clear,16.2,106,1.3,0
Surajpol,21,5,Rainy,15.7,271,3.3,0
Pratap Nagar,20,5,Rainy,38.2,562,6.8,0
Bedla Road,21,1,Cloudy,19.0,149,1.8,0
Madhuban,8,1,Cloudy,29.0,463,5.6,0
Madhuban,8,5,Cloudy,33.2,370,4.5,0
Hiran Magri,14,3,Sunny,27.9,99,1.2,0
Sector 11 Chauraha,9,3,Cloudy,15.8,417,5.0,0
Delhi Gate,23,2,Sunny,38.5,125,1.5,0
Sector 11 Chauraha,9,4,Clear,15.3,309,3.7,0
Hiran Magri,7,2,Rainy,37.9,258,3.1,0
Madhuban,23,4,Cloudy,41.8,236,2.9,0
Sector 11 Chauraha,15,1,Rainy,28.0,220,2.7,0
Madhuban,16,0,Rainy,31.1,341,4.1,0
Pratap Nagar,4,2,Cloudy,29.3,102,1.2,0
Bedla Road,3,2,Cloudy,26.7,237,2.9,0
Delhi Gate,17,4,Clear,41.6,607,7.3,1
Pratap Nagar,23,1,Sunny,41.8,155,1.9,0
Madhuban,18,1,Sunny,25.1,549,6.6,0
Madhuban,3,6,Rainy,33.5,230,2.8,0
Surajpol,6,4,Cloudy,42.8,117,1.4,0
Surajpol,9,1,Clear,43.9,542,6.6,0
Pratap Nagar,17,5,Clear,30.3,447,5.4,0
Bhupalpura,18,3,Clear,28.6,508,6.1,0
Pratap Nagar,3,6,Clear,23.4,127,1.5,0
Surajpol,9,5,Clear,43.8,358,4.3,0
Madhuban,0,0,Sunny,19.3,256,3.1,0
Hiran Magri,22,2,Sunny,32.4,257,3.1,0
Pratap Nagar,17,6,Sunny,23.5,334,4.0,0
Madhuban,4,0,Cloudy,23.4,269,3.3,0
Hiran Magri,14,2,Rainy,27.1,310,3.7,0
Hiran Magri,16,3,Clear,45.0,233,2.8,0
Surajpol,2,1,Cloudy,16.6,180,2.2,0
Pratap Nagar,11,5,Clear,32.4,75,0.9,0
Sector 11 Chauraha,1,4,Sunny,17.5,193,2.3,0
Delhi Gate,0,5,Cloudy,19.6,174,2.1,0
Surajpol,22,3,Sunny,28.2,199,2.4,0
Surajpol,20,0,Clear,30.3,621,7.5,1
Sector 11 Chauraha,16,4,Clear,22.8,134,1.6,0
Delhi Gate,21,1,Rainy,24.5,214,2.6,0
Madhuban,15,3,Clear,17.6,198,2.4,0
Bhupalpura,4,4,Sunny,24.1,229,2.8,0
Pratap Nagar,14,3,Clear,44.0,122,1.5,0
Bhupalpura,2,3,Rainy,43.3,199,2.4,0
Madhuban,6,1,Rainy,25.0,311,3.8,0
Bedla Road,10,6,Sunny,32.1,339,4.1,0
Surajpol,9,2,Cloudy,42.3,377,4.6,0
Delhi Gate,8,4,Clear,15.2,621,7.5,1
Surajpol,13,1,Rainy,39.3,356,4.3,0
Hiran Magri,12,3,Clear,43.5,159,1.9,0
Surajpol,1,1,Clear,17.7,124,1.5,0
Surajpol,2,6,Cloudy,19.8,169,2.0,0
Madhuban,6,2,Rainy,43.8,266,3.2,0
Madhuban,20,5,Clear,31.1,413,5.0,0
Madhuban,17,4,Rainy,15.4,480,5.8,0
Bhupalpura,2,2,Sunny,22.7,175,2.1,0
Hiran Magri,9,0,Sunny,28.5,320,3.9,0
Bedla Road,21,4,Clear,35.8,152,1.8,0
Bedla Road,6,2,Rainy,37.0,263,3.2,0
Madhuban,8,3,Clear,44.9,385,4.7,0
Delhi Gate,16,4,Rainy,23.6,284,3.4,0
Bhupalpura,10,4,Rainy,31.1,421,5.1,0
Sector 11 Chauraha,6,1,Cloudy,31.0,234,2.8,0
Delhi Gate,23,3,Cloudy,27.2,151,1.8,0
Pratap Nagar,13,0,Cloudy,20.1,172,2.1,0
Pratap Nagar,18,5,Clear,44.3,304,3.7,0
Delhi Gate,3,6,Cloudy,40.6,148,1.8,0
Madhuban,5,2,Cloudy,29.9,161,1.9,0
Sector 11 Chauraha,9,1,Sunny,33.1,490,5.9,0
Sector 11 Chauraha,6,2,Rainy,21.8,334,4.0,0
Bhupalpura,12,0,Rainy,31.3,192,2.3,0
Sector 11 Chauraha,13,0,Cloudy,35.8,194,2.3,0
Pratap Nagar,3,4,Rainy,30.5,375,4.5,0
Hiran Magri,7,6,Sunny,44.7,90,1.1,0
Madhuban,4,0,Sunny,33.3,154,1.9,0
Sector 11 Chauraha,0,2,Cloudy,26.1,153,1.9,0
Bhupalpura,3,3,Sunny,38.2,145,1.8,0
Pratap Nagar,2,3,Rainy,20.1,216,2.6,0
Hiran Magri,8,4,Clear,26.5,409,4.9,0
Surajpol,7,5,Rainy,25.4,263,3.2,0
Surajpol,0,2,Clear,28.0,154,1.9,0
Hiran Magri,5,2,Cloudy,38.5,215,2.6,0
Pratap Nagar,8,0,Clear,29.5,498,6.0,0
Bhupalpura,6,6,Sunny,38.8,151,1.8,0
Hiran Magri,3,2,Rainy,32.3,311,3.8,0
Madhuban,12,1,Clear,25.3,204,2.5,0
Madhuban,16,5,Rainy,39.3,211,2.6,0
Surajpol,1,0,Cloudy,22.1,140,1.7,0
Sector 11 Chauraha,4,1,Cloudy,21.7,254,3.1,0
Bhupalpura,11,4,Sunny,30.1,163,2.0,0
Surajpol,20,3,Cloudy,22.8,530,6.4,0
Sector 11 Chauraha,7,4,Clear,15.3,163,2.0,0
Sector 11 Chauraha,5,3,Cloudy,34.4,235,2.8,0
Bedla Road,7,4,Sunny,30.3,172,2.1,0
Madhuban,17,2,Rainy,28.4,507,6.1,0
Pratap Nagar,2,1,Rainy,44.0,197,2.4,0
Delhi Gate,21,3,Cloudy,32.1,212,2.6,0
Pratap Nagar,11,0,Clear,40.9,168,2.0,0
Delhi Gate,2,1,Sunny,19.2,195,2.4,0
Hiran Magri,21,0,Clear,32.1,158,1.9,0
Madhuban,5,1,Sunny,41.0,108,1.3,0
Sector 11 Chauraha,1,1,Cloudy,32.5,196,2.4,0
Bhupalpura,22,4,Sunny,36.5,169,2.0,0
Delhi Gate,11,3,Sunny,26.2,189,2.3,0
Pratap Nagar,1,3,Cloudy,17.8,214,2.6,0
Sector 11 Chauraha,5,6,Clear,28.7,62,0.7,0
Delhi Gate,16,1,Cloudy,26.8,270,3.3,0
Delhi Gate,2,2,Sunny,41.0,216,2.6,0
Bedla Road,1,2,Cloudy,22.3,239,2.9,0
Delhi Gate,22,0,Sunny,44.0,204,2.5,0
Bhupalpura,19,0,Cloudy,43.7,529,6.4,0
Madhuban,7,4,Rainy,22.4,269,3.3,0
Bhupalpura,21,1,Rainy,25.4,220,2.7,0
Surajpol,11,0,Cloudy,41.9,167,2.0,0
Sector 11 Chauraha,3,0,Clear,44.0,142,1.7,0
Madhuban,4,5,Sunny,28.3,162,2.0,0
Bedla Road,12,1,Rainy,24.6,237,2.9,0
Madhuban,14,4,Clear,30.8,106,1.3,0
Madhuban,22,0,Sunny,35.6,146,1.8,0
Pratap Nagar,15,4,Rainy,23.2,306,3.7,0
Madhuban,9,3,Rainy,37.1,473,5.7,0
Bedla Road,22,4,Cloudy,16.5,235,2.8,0
Bhupalpura,15,2,Sunny,16.5,119,1.4,0
Madhuban,11,2,Clear,26.6,172,2.1,0
Hiran Magri,16,4,Clear,25.6,145,1.8,0
Sector 11 Chauraha,15,2,Clear,24.5,203,2.5,0
Madhuban,11,3,Sunny,29.7,213,2.6,0
Sector 11 Chauraha,7,1,Clear,24.6,264,3.2,0
Hiran Magri,19,2,Clear,20.8,393,4.8,0
Hiran Magri,2,2,Clear,24.3,230,2.8,0
Sector 11 Chauraha,15,4,Cloudy,44.2,110,1.3,0
Delhi Gate,12,3,Cloudy,27.3,147,1.8,0
Surajpol,22,6,Sunny,28.3,113,1.4,0
Pratap Nagar,18,6,Sunny,32.3,390,4.7,0
Delhi Gate,7,6,Clear,44.5,163,2.0,0
Delhi Gate,21,6,Cloudy,22.2,73,0.9,0
Bhupalpura,4,1,Rainy,35.4,289,3.5,0
Pratap Nagar,19,4,Rainy,36.5,567,6.9,0
Pratap Nagar,7,4,Clear,33.2,166,2.0,0
Delhi Gate,23,5,Clear,17.7,169,2.0,0
Madhuban,11,3,Cloudy,35.3,98,1.2,0
Bhupalpura,0,6,Cloudy,16.9,50,0.6,0
Bhupalpura,20,1,Cloudy,32.9,376,4.5,0
Hiran Magri,19,3,Sunny,37.2,587,7.1,1
Bedla Road,5,6,Sunny,21.3,188,2.3,0
Pratap Nagar,21,1,Clear,40.2,214,2.6,0
Delhi Gate,17,3,Sunny,15.9,566,6.8,0
Hiran Magri,7,4,Cloudy,40.3,164,2.0,0
Sector 11 Chauraha,6,4,Cloudy,28.8,141,1.7,0
Surajpol,0,0,Sunny,21.5,240,2.9,0
Bedla Road,20,2,Rainy,19.0,539,6.5,0
Bedla Road,15,6,Clear,43.6,190,2.3,0
Bedla Road,11,5,Rainy,17.2,187,2.3,0
Bhupalpura,5,3,Clear,21.0,226,2.7,0
Sector 11 Chauraha,19,5,Rainy,25.4,416,5.0,0
Bedla Road,1,0,Sunny,33.6,252,3.0,0
Sector 11 Chauraha,13,2,Clear,31.3,243,2.9,0
Madhuban,3,3,Clear,18.8,201,2.4,0
Bedla Road,0,1,Clear,23.7,133,1.6,0
Surajpol,22,6,Cloudy,22.2,86,1.0,0
Sector 11 Chauraha,17,2,Cloudy,21.4,455,5.5,0
Sector 11 Chauraha,12,4,Rainy,27.3,363,4.4,0
Surajpol,1,0,Sunny,36.1,241,2.9,0
Bedla Road,8,2,Cloudy,21.5,459,5.6,0
Surajpol,20,6,Clear,26.0,362,4.4,0
Sector 11 Chauraha,1,2,Cloudy,26.7,185,2.2,0
Surajpol,8,6,Sunny,44.3,310,3.7,0
Sector 11 Chauraha,0,4,Cloudy,43.6,158,1.9,0
Sector 11 Chauraha,10,3,Clear,39.0,493,6.0,0
Madhuban,2,1,Rainy,22.2,267,3.2,0
Delhi Gate,19,4,Clear,17.0,561,6.8,0
Sector 11 Chauraha,22,1,Sunny,24.5,207,2.5,0
Bedla Road,3,3,Rainy,23.0,341,4.1,0
Hiran Magri,17,2,Cloudy,30.2,371,4.5,0
Bhupalpura,22,1,Cloudy,38.3,212,2.6,0
Pratap Nagar,5,0,Cloudy,40.7,160,1.9,0
Delhi Gate,2,0,Rainy,40.3,285,3.4,0
Delhi Gate,21,6,Clear,25.8,74,0.9,0
Delhi Gate,10,4,Rainy,35.6,522,6.3,0
Madhuban,14,3,Rainy,24.4,286,3.5,0
Sector 11 Chauraha,21,6,Sunny,16.8,176,2.1,0
Madhuban,4,4,Rainy,36.0,290,3.5,0
Sector 11 Chauraha,19,4,Cloudy,15.3,514,6.2,0
Bedla Road,9,6,Clear,27.3,258,3.1,0
Madhuban,11,5,Clear,24.9,121,1.5,0
Madhuban,14,4,Clear,35.8,188,2.3,0
Bhupalpura,16,5,Cloudy,38.0,114,1.4,0
Hiran Magri,9,0,Cloudy,24.1,396,4.8,0
Madhuban,5,0,Cloudy,39.3,184,2.2,0
Bhupalpura,17,4,Cloudy,23.8,626,7.6,1
Surajpol,12,0,Cloudy,28.4,182,2.2,0
Hiran Magri,2,3,Rainy,36.8,246,3.0,0
Bedla Road,23,5,Cloudy,35.8,50,0.6,0
Madhuban,9,5,Cloudy,44.6,377,4.6,0
Pratap Nagar,13,4,Cloudy,21.8,177,2.1,0
Delhi Gate,5,0,Cloudy,34.9,290,3.5,0
Surajpol,2,1,Clear,33.3,205,2.5,0
Surajpol,15,6,Cloudy,42.5,51,0.6,0
Bedla Road,6,6,Rainy,19.7,191,2.3,0
Bhupalpura,19,5,Rainy,37.6,614,7.4,1
Surajpol,13,4,Rainy,32.0,358,4.3,0
Hiran Magri,8,4,Sunny,23.2,345,4.2,0
Madhuban,14,3,Clear,29.2,138,1.7,0
Madhuban,20,2,Cloudy,25.0,466,5.6,0
Pratap Nagar,2,2,Sunny,32.4,215,2.6,0
Bedla Road,1,5,Cloudy,41.7,197,2.4,0
Delhi Gate,1,6,Sunny,32.1,180,2.2,0
Bhupalpura,2,3,Sunny,34.0,131,1.6,0
Delhi Gate,17,3,Rainy,30.6,477,5.8,0
Surajpol,13,3,Rainy,16.5,236,2.9,0
Bedla Road,19,5,Sunny,22.0,457,5.5,0
Pratap Nagar,17,2,Rainy,29.8,574,6.9,0
Delhi Gate,9,6,Sunny,24.3,325,3.9,0
Hiran Magri,1,3,Clear,20.5,171,2.1,0
Madhuban,21,6,Rainy,30.1,252,3.0,0
Surajpol,0,0,Rainy,24.7,336,4.1,0
Pratap Nagar,3,4,Rainy,22.7,252,3.0,0
Delhi Gate,13,4,Clear,28.9,267,3.2,0
Bhupalpura,0,6,Sunny,19.0,167,2.0,0
Hiran Magri,13,1,Cloudy,42.8,211,2.6,0
Hiran Magri,15,1,Rainy,41.0,315,3.8,0
Delhi Gate,21,5,Sunny,36.2,114,1.4,0
Madhuban,13,5,Clear,18.2,137,1.7,0
Delhi Gate,19,4,Cloudy,38.3,585,7.1,1
Surajpol,2,0,Rainy,39.2,302,3.7,0
Delhi Gate,2,2,Clear,38.0,261,3.2,0
Hiran Magri,8,2,Clear,18.4,495,6.0,0
Pratap Nagar,5,5,Cloudy,34.3,110,1.3,0
Delhi Gate,12,0,Sunny,40.0,127,1.5,0
Madhuban,20,5,Rainy,32.3,551,6.7,0
Bedla Road,1,2,Rainy,34.4,240,2.9,0
Pratap Nagar,7,6,Sunny,28.8,76,0.9,0
Bhupalpura,20,5,Sunny,30.9,347,4.2,0
Sector 11 Chauraha,1,3,Sunny,16.0,191,2.3,0
Delhi Gate,3,6,Cloudy,34.2,80,1.0,0
Madhuban,14,5,Cloudy,17.4,61,0.7,0
Pratap Nagar,3,4,Rainy,28.1,224,2.7,0
Madhuban,12,5,Cloudy,23.8,81,1.0,0
Bhupalpura,11,4,Clear,31.4,174,2.1,0
Hiran Magri,12,0,Rainy,19.0,307,3.7,0
Madhuban,13,2,Cloudy,35.7,196,2.4,0
Pratap Nagar,19,6,Sunny,38.9,436,5.3,0
Madhuban,17,6,Clear,19.9,562,6.8,0
Madhuban,5,1,Sunny,18.1,91,1.1,0
Madhuban,10,1,Rainy,19.4,489,5.9,0
Surajpol,1,2,Sunny,41.3,257,3.1,0
Surajpol,22,1,Cloudy,30.8,150,1.8,0
Hiran Magri,18,6,Cloudy,29.0,437,5.3,0
Delhi Gate,18,5,Rainy,18.2,564,6.8,0
Madhuban,4,0,Sunny,34.5,276,3.3,0
Bhupalpura,18,0,Rainy,41.0,555,6.7,0
Delhi Gate,1,2,Sunny,39.8,213,2.6,0
Bhupalpura,9,1,Clear,33.8,544,6.6,0
Delhi Gate,1,5,Cloudy,17.3,199,2.4,0
Hiran Magri,10,0,Rainy,18.4,537,6.5,0
Madhuban,17,0,Clear,16.5,384,4.6,0
Madhuban,23,3,Clear,22.7,209,2.5,0
Sector 11 Chauraha,14,3,Rainy,19.1,333,4.0,0
Bhupalpura,8,6,Rainy,22.8,377,4.6,0
Delhi Gate,22,0,Clear,26.6,180,2.2,0
Delhi Gate,18,2,Sunny,43.3,409,4.9,0
Bedla Road,8,4,Clear,33.3,416,5.0,0
Bedla Road,2,4,Rainy,40.0,252,3.0,0
Surajpol,20,5,Clear,36.3,463,5.6,0
Sector 11 Chauraha,8,0,Sunny,18.4,519,6.3,0
Pratap Nagar,13,0,Cloudy,37.1,224,2.7,0
Bedla Road,18,6,Cloudy,23.3,484,5.9,0
Pratap Nagar,6,0,Clear,34.2,230,2.8,0
Surajpol,15,2,Sunny,25.2,242,2.9,0
Surajpol,15,3,Cloudy,44.9,164,2.0,0
Surajpol,0,0,Clear,22.9,278,3.4,0
Bhupalpura,3,0,Clear,23.4,255,3.1,0
Bhupalpura,3,6,Sunny,42.9,107,1.3,0
Hiran Magri,6,1,Rainy,15.7,295,3.6,0
Hiran Magri,7,6,Clear,35.9,149,1.8,0
Surajpol,16,6,Rainy,36.8,176,2.1,0
Sector 11 Chauraha,4,2,Rainy,40.1,305,3.7,0
Delhi Gate,6,5,Cloudy,44.2,134,1.6,0
Bhupalpura,19,0,Rainy,44.3,512,6.2,0
Sector 11 Chauraha,19,6,Sunny,17.0,504,6.1,0
Madhuban,3,6,Cloudy,39.7,172,2.1,0
Bhupalpura,5,1,Cloudy,34.4,101,1.2,0
Bhupalpura,6,6,Cloudy,34.4,155,1.9,0
Hiran Magri,17,4,Clear,18.9,611,7.4,1
Delhi Gate,4,5,Clear,34.5,121,1.5,0
Delhi Gate,19,0,Rainy,44.5,661,8.0,1
Bedla Road,2,0,Cloudy,42.4,161,1.9,0
Pratap Nagar,6,1,Cloudy,28.2,199,2.4,0
Pratap Nagar,21,2,Sunny,16.2,284,3.4,0
Pratap Nagar,13,0,Rainy,25.9,291,3.5,0
Pratap Nagar,6,4,Sunny,39.8,100,1.2,0
Madhuban,4,0,Rainy,36.0,346,4.2,0
Madhuban,21,4,Rainy,28.8,282,3.4,0
Bhupalpura,4,5,Clear,16.7,153,1.9,0
Surajpol,22,5,Clear,27.8,135,1.6,0
Hiran Magri,1,3,Sunny,29.1,215,2.6,0
Hiran Magri,20,3,Rainy,42.9,624,7.5,1
Pratap Nagar,21,4,Cloudy,34.2,230,2.8,0
Bhupalpura,5,2,Clear,24.3,124,1.5,0
Bedla Road,14,0,Cloudy,30.8,125,1.5,0
Sector 11 Chauraha,20,6,Sunny,17.0,433,5.2,0
Surajpol,9,0,Clear,44.2,363,4.4,0
Bhupalpura,22,3,Clear,25.8,107,1.3,0
Surajpol,23,6,Rainy,29.3,297,3.6,0
Surajpol,6,4,Sunny,25.7,260,3.1,0
Surajpol,4,6,Rainy,35.5,298,3.6,0
Bhupalpura,0,0,Clear,34.9,139,1.7,0
Pratap Nagar,12,0,Sunny,36.5,214,2.6,0
Hiran Magri,20,2,Clear,23.0,430,5.2,0
Hiran Magri,17,1,Sunny,24.5,637,7.7,1
Pratap Nagar,12,6,Clear,18.8,68,0.8,0
Surajpol,20,3,Cloudy,34.7,433,5.2,0
Sector 11 Chauraha,20,3,Cloudy,16.2,648,7.8,1
Delhi Gate,17,1,Rainy,32.9,767,9.3,1
Bhupalpura,4,0,Cloudy,41.1,228,2.8,0
Delhi Gate,12,2,Clear,41.7,145,1.8,0
Bedla Road,3,2,Clear,28.5,209,2.5,0
Pratap Nagar,16,3,Cloudy,28.8,188,2.3,0
Sector 11 Chauraha,2,2,Rainy,17.3,311,3.8,0
Bhupalpura,16,5,Cloudy,35.1,144,1.7,0
Pratap Nagar,10,1,Sunny,39.6,314,3.8,0
Surajpol,20,0,Sunny,22.3,492,5.9,0
Hiran Magri,19,5,Sunny,27.6,421,5.1,0
Delhi Gate,22,1,Cloudy,40.2,220,2.7,0
Madhuban,20,4,Cloudy,41.3,421,5.1,0
Madhuban,3,6,Cloudy,22.3,52,0.6,0
Sector 11 Chauraha,1,3,Sunny,31.5,202,2.4,0
Surajpol,19,2,Rainy,20.8,647,7.8,1
Bedla Road,15,4,Clear,18.1,229,2.8,0
Delhi Gate,17,2,Cloudy,42.3,399,4.8,0
Surajpol,7,5,Rainy,39.6,234,2.8,0
Delhi Gate,2,0,Clear,37.8,153,1.9,0
Sector 11 Chauraha,8,0,Clear,16.5,358,4.3,0
Sector 11 Chauraha,19,0,Clear,40.3,517,6.3,0
Bedla Road,5,2,Rainy,28.1,250,3.0,0
Madhuban,9,4,Rainy,25.3,386,4.7,0
Surajpol,20,0,Sunny,31.4,502,6.1,0
Bhupalpura,9,4,Rainy,17.7,512,6.2,0
Madhuban,12,2,Rainy,37.7,336,4.1,0
Surajpol,16,5,Rainy,32.5,239,2.9,0
Madhuban,8,4,Clear,20.6,454,5.5,0
Bhupalpura,16,5,Cloudy,20.6,113,1.4,0
Hiran Magri,23,2,Sunny,20.5,181,2.2,0
Hiran Magri,8,2,Cloudy,16.7,381,4.6,0
Bedla Road,8,3,Cloudy,32.6,355,4.3,0
Hiran Magri,0,2,Rainy,40.2,334,4.0,0
Hiran Magri,1,2,Sunny,15.5,179,2.2,0
Pratap Nagar,15,1,Cloudy,16.5,86,1.0,0
Delhi Gate,0,0,Cloudy,32.2,208,2.5,0
Pratap Nagar,9,3,Sunny,39.6,375,4.5,0
Pratap Nagar,17,6,Rainy,24.8,577,7.0,0
Bedla Road,7,3,Cloudy,25.5,191,2.3,0
Pratap Nagar,20,3,Clear,32.9,345,4.2,0
Hiran Magri,10,6,Cloudy,23.2,302,3.7,0
Bhupalpura,22,1,Clear,15.8,252,3.0,0
Bedla Road,1,5,Rainy,37.1,210,2.5,0
Bedla Road,7,2,Cloudy,33.8,170,2.1,0
Sector 11 Chauraha,21,0,Sunny,32.4,164,2.0,0
Bedla Road,7,4,Sunny,37.3,144,1.7,0
Sector 11 Chauraha,16,6,Cloudy,35.3,180,2.2,0
Bedla Road,14,5,Rainy,21.2,256,3.1,0
Delhi Gate,16,6,Rainy,25.6,199,2.4,0
Hiran Magri,22,2,Sunny,18.8,141,1.7,0
Bedla Road,23,1,Cloudy,18.9,229,2.8,0
Hiran Magri,12,6,Rainy,35.3,277,3.3,0
Hiran Magri,18,2,Sunny,40.8,514,6.2,0
Madhuban,4,2,Clear,43.9,206,2.5,0
Bedla Road,11,1,Cloudy,33.9,236,2.9,0
Surajpol,0,3,Clear,20.5,116,1.4,0
Madhuban,22,3,Clear,18.2,267,3.2,0
Surajpol,4,0,Rainy,39.4,365,4.4,0
Hiran Magri,7,0,Rainy,32.4,353,4.3,0
Hiran Magri,12,3,Rainy,33.5,236,2.9,0
Madhuban,7,5,Cloudy,38.4,75,0.9,0
Madhuban,22,4,Clear,36.1,132,1.6,0
Surajpol,10,2,Cloudy,40.0,486,5.9,0
Sector 11 Chauraha,0,4,Rainy,16.7,298,3.6,0
Surajpol,12,2,Clear,37.4,201,2.4,0
Madhuban,18,3,Cloudy,40.5,325,3.9,0
Bhupalpura,23,0,Cloudy,23.6,121,1.5,0
Madhuban,2,5,Sunny,34.2,109,1.3,0
Bhupalpura,23,0,Cloudy,24.4,187,2.3,0
Delhi Gate,16,4,Rainy,43.7,440,5.3,0
Madhuban,4,0,Cloudy,16.0,145,1.8,0
Delhi Gate,19,3,Clear,32.4,412,5.0,0
Sector 11 Chauraha,20,5,Cloudy,20.0,548,6.6,0
Surajpol,7,4,Sunny,36.4,265,3.2,0
Bhupalpura,13,5,Clear,20.3,191,2.3,0
Surajpol,3,2,Clear,22.1,188,2.3,0
Delhi Gate,10,0,Sunny,29.8,617,7.5,1
Bhupalpura,19,5,Rainy,42.4,583,7.0,0
Surajpol,14,1,Clear,21.4,200,2.4,0
Madhuban,18,0,Rainy,19.3,827,10.0,1
Hiran Magri,6,2,Clear,37.8,202,2.4,0
Delhi Gate,18,5,Clear,30.0,343,4.1,0
Surajpol,18,4,Rainy,42.4,526,6.4,0
Delhi Gate,10,2,Clear,19.4,382,4.6,0
Pratap Nagar,4,1,Rainy,34.4,337,4.1,0
Delhi Gate,4,5,Sunny,22.0,129,1.6,0
Bhupalpura,21,6,Rainy,19.7,148,1.8,0
Pratap Nagar,7,6,Sunny,35.5,161,1.9,0
Bedla Road,9,3,Clear,32.8,462,5.6,0
Bhupalpura,5,0,Rainy,37.6,346,4.2,0
Hiran Magri,14,4,Clear,24.3,165,2.0,0
Pratap Nagar,15,3,Rainy,28.4,322,3.9,0
Bedla Road,16,5,Sunny,27.2,123,1.5,0
Madhuban,7,6,Sunny,44.5,90,1.1,0
Delhi Gate,7,6,Rainy,23.8,219,2.6,0
Surajpol,8,6,Sunny,23.8,400,4.8,0
Sector 11 Chauraha,1,5,Clear,25.6,163,2.0,0
Delhi Gate,14,6,Clear,31.9,101,1.2,0
Bedla Road,17,2,Cloudy,22.6,416,5.0,0
Delhi Gate,2,5,Sunny,42.5,158,1.9,0
Hiran Magri,16,4,Clear,23.0,259,3.1,0
Madhuban,3,3,Rainy,41.9,354,4.3,0
Sector 11 Chauraha,3,4,Sunny,18.1,242,2.9,0
Pratap Nagar,13,1,Clear,34.7,168,2.0,0
Pratap Nagar,8,6,Sunny,42.2,380,4.6,0
Pratap Nagar,8,1,Rainy,20.1,483,5.8,0
Bedla Road,22,0,Clear,44.0,174,2.1,0
Bhupalpura,17,0,Cloudy,28.6,504,6.1,0
Bhupalpura,9,1,Cloudy,43.4,454,5.5,0
Surajpol,20,5,Sunny,35.3,394,4.8,0
Sector 11 Chauraha,3,4,Rainy,24.0,298,3.6,0
Pratap Nagar,11,1,Clear,20.6,92,1.1,0
Bhupalpura,7,0,Rainy,24.1,313,3.8,0
Bedla Road,1,1,Clear,17.8,228,2.8,0
Surajpol,21,5,Sunny,19.3,174,2.1,0
Madhuban,12,1,Clear,18.1,233,2.8,0
Surajpol,20,4,Rainy,27.7,588,7.1,1
Bhupalpura,15,3,Rainy,38.9,301,3.6,0
Hiran Magri,1,5,Sunny,19.2,171,2.1,0
Bedla Road,10,0,Rainy,18.9,365,4.4,0
Hiran Magri,9,4,Clear,34.3,433,5.2,0
Pratap Nagar,14,1,Sunny,20.9,129,1.6,0
Hiran Magri,16,1,Clear,17.9,170,2.1,0
Pratap Nagar,7,3,Rainy,20.0,222,2.7,0
Pratap Nagar,17,0,Sunny,42.7,385,4.7,0
Bhupalpura,22,0,Clear,39.6,164,2.0,0
Hiran Magri,8,2,Rainy,25.6,388,4.7,0
Pratap Nagar,7,0,Rainy,34.7,394,4.8,0
Sector 11 Chauraha,13,3,Cloudy,31.1,241,2.9,0
Madhuban,17,6,Rainy,35.3,521,6.3,0
Surajpol,21,2,Clear,35.5,163,2.0,0
Surajpol,19,2,Sunny,33.9,550,6.7,0
Bhupalpura,19,1,Cloudy,23.0,484,5.9,0
Hiran Magri,20,1,Rainy,16.2,685,8.3,1
Hiran Magri,11,0,Rainy,28.7,216,2.6,0
Pratap Nagar,18,2,Rainy,41.7,605,7.3,1
Bedla Road,13,1,Clear,32.1,221,2.7,0
Delhi Gate,16,3,Cloudy,40.0,235,2.8,0
Pratap Nagar,23,1,Clear,44.7,214,2.6,0
Madhuban,20,5,Cloudy,19.9,481,5.8,0
Sector 11 Chauraha,2,5,Sunny,35.8,155,1.9,0
Surajpol,22,1,Clear,35.2,96,1.2,0
Pratap Nagar,6,2,Clear,44.4,203,2.5,0
Delhi Gate,16,6,Sunny,44.6,174,2.1,0
Delhi Gate,11,6,Cloudy,35.6,180,2.2,0
Pratap Nagar,8,2,Rainy,22.3,567,6.9,0
Bhupalpura,14,4,Sunny,39.0,235,2.8,0
Surajpol,17,6,Rainy,18.2,484,5.9,0
Bhupalpura,20,5,Rainy,38.4,559,6.8,0
Sector 11 Chauraha,12,3,Sunny,42.3,170,2.1,0
Delhi Gate,20,2,Cloudy,26.5,642,7.8,1
Delhi Gate,7,0,Rainy,33.9,290,3.5,0
Madhuban,13,5,Sunny,27.9,96,1.2,0
Sector 11 Chauraha,7,3,Clear,28.1,251,3.0,0
Delhi Gate,13,3,Clear,24.3,176,2.1,0
Sector 11 Chauraha,6,2,Clear,37.9,210,2.5,0
Surajpol,22,3,Sunny,43.1,164,2.0,0
Hiran Magri,11,2,Clear,43.2,140,1.7,0
Delhi Gate,10,6,Rainy,20.2,506,6.1,0
Madhuban,21,1,Clear,41.2,116,1.4,0
Surajpol,21,5,Clear,37.1,51,0.6,0
Pratap Nagar,10,4,Rainy,22.6,441,5.3,0
Sector 11 Chauraha,21,1,Clear,17.0,145,1.8,0
Pratap Nagar,12,5,Rainy,23.0,181,2.2,0
Bhupalpura,17,2,Clear,42.4,420,5.1,0
Surajpol,1,5,Rainy,34.0,313,3.8,0
Pratap Nagar,20,6,Clear,36.6,523,6.3,0
Bedla Road,14,2,Rainy,22.7,294,3.6,0
Bedla Road,19,1,Sunny,36.6,553,6.7,0
Delhi Gate,17,0,Rainy,15.8,617,7.5,1
Sector 11 Chauraha,14,0,Clear,26.3,179,2.2,0
Hiran Magri,18,5,Clear,33.8,422,5.1,0
Surajpol,22,0,Cloudy,19.4,227,2.7,0
Delhi Gate,23,2,Rainy,39.7,220,2.7,0
Madhuban,11,3,Sunny,22.1,246,3.0,0
Bhupalpura,12,2,Rainy,34.6,245,3.0,0
Sector 11 Chauraha,21,3,Rainy,27.2,259,3.1,0
Surajpol,10,1,Sunny,32.9,444,5.4,0
Bedla Road,4,4,Rainy,18.2,360,4.4,0
Surajpol,0,3,Sunny,15.5,217,2.6,0
Hiran Magri,23,0,Sunny,42.3,183,2.2,0
Bedla Road,2,2,Rainy,23.1,307,3.7,0
Hiran Magri,21,1,Rainy,39.6,282,3.4,0
Madhuban,18,0,Clear,45.0,314,3.8,0
Bhupalpura,22,1,Clear,21.3,236,2.9,0
Madhuban,6,4,Cloudy,23.0,97,1.2,0
Delhi Gate,11,6,Cloudy,34.9,60,0.7,0
Delhi Gate,14,2,Rainy,44.0,345,4.2,0
Madhuban,4,5,Sunny,42.5,121,1.5,0
Bhupalpura,14,2,Cloudy,30.1,121,1.5,0
Madhuban,7,4,Rainy,38.9,239,2.9,0
Bhupalpura,9,2,Cloudy,19.1,345,4.2,0
Bhupalpura,15,5,Sunny,44.3,68,0.8,0
Pratap Nagar,7,3,Rainy,43.9,291,3.5,0
Bedla Road,0,1,Sunny,19.9,102,1.2,0
Sector 11 Chauraha,11,5,Rainy,24.0,174,2.1,0
Bhupalpura,4,0,Cloudy,18.0,112,1.4,0
Hiran Magri,2,4,Clear,23.2,219,2.6,0
Bhupalpura,0,3,Cloudy,39.5,160,1.9,0
Bhupalpura,3,0,Cloudy,26.3,155,1.9,0
Bhupalpura,7,0,Clear,17.7,187,2.3,0
Pratap Nagar,2,4,Clear,25.3,261,3.2,0
Bedla Road,9,3,Rainy,44.4,458,5.5,0
Pratap Nagar,1,6,Rainy,33.9,170,2.1,0
Delhi Gate,10,0,Sunny,27.5,488,5.9,0
Pratap Nagar,9,0,Sunny,20.0,436,5.3,0
Hiran Magri,20,3,Cloudy,44.6,554,6.7,0
Hiran Magri,13,2,Clear,39.6,136,1.6,0
Pratap Nagar,6,0,Sunny,23.4,158,1.9,0
Bedla Road,1,1,Cloudy,17.1,112,1.4,0
Madhuban,8,3,Clear,16.7,289,3.5,0
Sector 11 Chauraha,15,0,Rainy,18.6,273,3.3,0
Bedla Road,12,4,Cloudy,32.4,137,1.7,0
Pratap Nagar,8,5,Rainy,42.9,413,5.0,0
Bhupalpura,19,1,Sunny,29.9,612,7.4,1
Surajpol,3,5,Sunny,40.3,174,2.1,0
Sector 11 Chauraha,21,5,Clear,28.4,172,2.1,0
Sector 11 Chauraha,9,0,Cloudy,36.3,451,5.5,0
Hiran Magri,21,1,Rainy,37.0,168,2.0,0
Sector 11 Chauraha,11,1,Clear,20.2,153,1.9,0
Pratap Nagar,16,2,Sunny,25.8,176,2.1,0
Bhupalpura,13,5,Sunny,34.1,54,0.7,0
Bhupalpura,13,1,Cloudy,17.1,184,2.2,0
Delhi Gate,1,2,Rainy,25.8,174,2.1,0
Bhupalpura,20,3,Cloudy,31.0,376,4.5,0
Bedla Road,19,2,Rainy,44.9,679,8.2,1
Bhupalpura,10,4,Rainy,29.2,448,5.4,0
Hiran Magri,15,6,Cloudy,39.5,185,2.2,0
Bhupalpura,18,0,Clear,28.0,422,5.1,0
Delhi Gate,22,3,Cloudy,38.9,166,2.0,0
Surajpol,5,6,Cloudy,32.9,118,1.4,0
Pratap Nagar,23,6,Sunny,41.6,131,1.6,0
Hiran Magri,18,3,Sunny,27.3,639,7.7,1
Bedla Road,4,4,Cloudy,33.1,235,2.8,0
Surajpol,3,2,Cloudy,33.9,117,1.4,0
Hiran Magri,14,0,Sunny,27.5,208,2.5,0
Madhuban,3,2,Rainy,19.3,293,3.5,0
Sector 11 Chauraha,19,1,Cloudy,17.8,453,5.5,0
Madhuban,9,2,Clear,15.5,300,3.6,0
Bhupalpura,23,3,Clear,41.2,196,2.4,0
Surajpol,21,0,Clear,22.1,184,2.2,0
Bhupalpura,2,2,Cloudy,21.3,257,3.1,0
Sector 11 Chauraha,4,0,Rainy,37.1,329,4.0,0
Hiran Magri,5,0,Rainy,24.6,308,3.7,0
Sector 11 Chauraha,20,1,Sunny,30.2,606,7.3,1
Delhi Gate,21,1,Cloudy,19.9,221,2.7,0
Sector 11 Chauraha,7,3,Rainy,43.8,300,3.6,0
Delhi Gate,6,4,Cloudy,40.5,265,3.2,0
Sector 11 Chauraha,20,6,Sunny,40.9,560,6.8,0
Pratap Nagar,9,0,Sunny,27.2,426,5.2,0
Delhi Gate,5,4,Sunny,37.9,109,1.3,0
Surajpol,13,6,Clear,19.3,193,2.3,0
Bhupalpura,3,6,Cloudy,15.3,125,1.5,0
Bedla Road,12,3,Sunny,15.6,267,3.2,0
Bhupalpura,19,6,Cloudy,32.6,344,4.2,0
Madhuban,16,6,Clear,28.7,140,1.7,0
Bhupalpura,22,0,Clear,30.5,234,2.8,0
Hiran Magri,6,0,Sunny,15.2,159,1.9,0
Pratap Nagar,3,5,Sunny,27.7,121,1.5,0
Sector 11 Chauraha,13,4,Rainy,36.5,246,3.0,0
Madhuban,2,2,Cloudy,28.3,91,1.1,0
Hiran Magri,23,1,Sunny,37.0,98,1.2,0
Hiran Magri,4,2,Rainy,22.0,212,2.6,0
Delhi Gate,15,4,Cloudy,39.4,208,2.5,0
Bhupalpura,22,1,Sunny,32.7,181,2.2,0
Surajpol,19,2,Rainy,21.3,617,7.5,1
Bedla Road,3,5,Rainy,22.1,196,2.4,0
Surajpol,23,1,Cloudy,33.8,126,1.5,0
Madhuban,23,0,Rainy,39.9,297,3.6,0
Pratap Nagar,1,2,Cloudy,27.5,219,2.6,0
Surajpol,17,1,Cloudy,22.7,440,5.3,0
Sector 11 Chauraha,18,5,Cloudy,41.0,432,5.2,0
Surajpol,18,6,Clear,35.1,356,4.3,0
Madhuban,16,1,Rainy,28.4,307,3.7,0
Bedla Road,13,1,Cloudy,29.6,231,2.8,0
Surajpol,18,5,Sunny,21.1,342,4.1,0
Sector 11 Chauraha,21,6,Clear,33.8,72,0.9,0
Delhi Gate,23,2,Clear,25.8,180,2.2,0
Pratap Nagar,12,3,Rainy,44.9,319,3.9,0
Madhuban,11,2,Cloudy,29.4,222,2.7,0
Delhi Gate,5,6,Rainy,29.6,177,2.1,0
Delhi Gate,20,4,Clear,32.0,391,4.7,0
Delhi Gate,3,5,Cloudy,42.5,90,1.1,0
Hiran Magri,18,2,Sunny,39.0,500,6.0,0
Pratap Nagar,15,1,Cloudy,28.5,245,3.0,0
Bedla Road,12,5,Clear,36.6,110,1.3,0
Bhupalpura,3,0,Sunny,32.6,198,2.4,0
Pratap Nagar,22,6,Cloudy,29.8,167,2.0,0
Hiran Magri,16,2,Sunny,20.8,235,2.8,0
Bhupalpura,22,5,Sunny,28.9,98,1.2,0
Pratap Nagar,0,2,Clear,22.4,99,1.2,0
Delhi Gate,17,5,Sunny,42.4,460,5.6,0
Madhuban,19,1,Rainy,25.1,589,7.1,1
Bhupalpura,16,0,Clear,43.6,195,2.4,0
Sector 11 Chauraha,14,0,Rainy,31.0,345,4.2,0
Sector 11 Chauraha,10,4,Sunny,33.9,574,6.9,0
Surajpol,21,5,Rainy,31.3,221,2.7,0
Bhupalpura,12,2,Cloudy,18.9,127,1.5,0
Madhuban,0,0,Sunny,26.3,126,1.5,0
Bedla Road,16,6,Cloudy,18.0,166,2.0,0
Hiran Magri,5,0,Rainy,33.7,312,3.8,0
Delhi Gate,3,3,Cloudy,28.4,261,3.2,0
Surajpol,19,3,Sunny,38.3,527,6.4,0
Sector 11 Chauraha,15,0,Cloudy,21.6,251,3.0,0
Hiran Magri,14,5,Rainy,19.9,183,2.2,0
Hiran Magri,14,4,Rainy,27.2,244,3.0,0
Delhi Gate,5,0,Rainy,42.8,323,3.9,0
Bedla Road,14,1,Sunny,36.3,186,2.2,0
Bedla Road,13,2,Rainy,27.6,243,2.9,0
Bhupalpura,10,4,Sunny,30.5,432,5.2,0
Sector 11 Chauraha,6,1,Cloudy,17.5,101,1.2,0
Bedla Road,8,4,Rainy,44.5,485,5.9,0
Madhuban,15,1,Cloudy,35.0,270,3.3,0
Bedla Road,4,2,Clear,23.6,210,2.5,0
Hiran Magri,19,2,Cloudy,32.6,363,4.4,0
Delhi Gate,9,3,Clear,18.3,453,5.5,0
Madhuban,17,5,Cloudy,44.0,459,5.6,0
Bhupalpura,2,1,Sunny,20.2,164,2.0,0
Sector 11 Chauraha,12,3,Cloudy,34.4,185,2.2,0
Bhupalpura,10,1,Sunny,22.4,428,5.2,0
Hiran Magri,16,3,Sunny,36.5,185,2.2,0
Madhuban,21,2,Rainy,38.3,305,3.7,0
Madhuban,12,4,Sunny,35.2,203,2.5,0
Madhuban,5,6,Clear,33.4,59,0.7,0
Hiran Magri,16,3,Rainy,41.8,323,3.9,0
Hiran Magri,12,1,Rainy,17.4,231,2.8,0
Bhupalpura,18,1,Cloudy,24.9,561,6.8,0
Surajpol,20,6,Sunny,22.4,385,4.7,0
Bhupalpura,18,5,Sunny,44.6,555,6.7,0
Sector 11 Chauraha,9,2,Clear,26.7,509,6.2,0
Delhi Gate,2,1,Cloudy,37.0,97,1.2,0
Madhuban,13,0,Cloudy,35.5,239,2.9,0
Surajpol,18,4,Rainy,21.4,548,6.6,0
Delhi Gate,4,3,Rainy,22.2,323,3.9,0
Surajpol,4,5,Rainy,23.4,228,2.8,0
Bedla Road,19,6,Clear,27.3,516,6.2,0
Bedla Road,16,4,Clear,22.0,151,1.8,0
Pratap Nagar,20,2,Rainy,15.6,553,6.7,0
Bedla Road,9,5,Cloudy,41.4,307,3.7,0
Bhupalpura,4,3,Clear,44.0,242,2.9,0
Bedla Road,3,3,Cloudy,25.2,282,3.4,0
Hiran Magri,5,6,Cloudy,25.2,52,0.6,0
Madhuban,3,0,Sunny,15.2,150,1.8,0
Bhupalpura,6,6,Rainy,35.4,188,2.3,0
Delhi Gate,6,2,Sunny,39.8,235,2.8,0
Pratap Nagar,17,5,Rainy,19.4,588,7.1,1
Pratap Nagar,2,5,Rainy,19.8,228,2.8,0
Pratap Nagar,0,1,Cloudy,38.7,195,2.4,0
Delhi Gate,23,0,Rainy,33.5,278,3.4,0
Delhi Gate,3,0,Cloudy,16.3,226,2.7,0
Delhi Gate,5,5,Cloudy,33.7,54,0.7,0
Delhi Gate,8,5,Rainy,24.3,597,7.2,1
Pratap Nagar,21,4,Cloudy,26.1,194,2.3,0
Pratap Nagar,13,4,Cloudy,38.1,232,2.8,0
Surajpol,11,4,Cloudy,39.3,96,1.2,0
Bhupalpura,19,0,Clear,27.0,532,6.4,0
Madhuban,23,1,Cloudy,43.4,180,2.2,0
Bedla Road,3,3,Clear,27.2,161,1.9,0
Bedla Road,20,4,Clear,38.2,548,6.6,0
Hiran Magri,23,1,Cloudy,29.5,191,2.3,0
Pratap Nagar,11,6,Cloudy,41.9,58,0.7,0
Hiran Magri,9,2,Clear,42.2,462,5.6,0
Bhupalpura,21,4,Clear,17.6,199,2.4,0
Bhupalpura,6,6,Cloudy,43.1,109,1.3,0
Hiran Magri,2,3,Cloudy,39.8,140,1.7,0
Pratap Nagar,22,2,Rainy,38.7,277,3.3,0
Hiran Magri,13,2,Clear,21.0,154,1.9,0
Bedla Road,23,3,Clear,39.2,246,3.0,0
Surajpol,9,4,Rainy,40.5,581,7.0,0
Bedla Road,15,0,Clear,23.7,166,2.0,0
Sector 11 Chauraha,15,3,Sunny,43.6,110,1.3,0
Pratap Nagar,21,3,Clear,16.5,170,2.1,0
Pratap Nagar,9,3,Rainy,19.5,438,5.3,0
Madhuban,12,2,Sunny,31.1,220,2.7,0
Delhi Gate,5,1,Cloudy,32.3,144,1.7,0
Sector 11 Chauraha,11,6,Rainy,34.4,243,2.9,0
Bhupalpura,8,0,Rainy,15.5,482,5.8,0
Pratap Nagar,12,4,Cloudy,43.8,111,1.3,0
Hiran Magri,3,4,Rainy,16.3,255,3.1,0
Sector 11 Chauraha,23,6,Clear,19.3,71,0.9,0
Madhuban,10,1,Cloudy,15.4,561,6.8,0
Bhupalpura,19,3,Rainy,32.0,666,8.1,1
Delhi Gate,17,0,Cloudy,43.0,494,6.0,0
Delhi Gate,10,4,Cloudy,35.0,499,6.0,0
Madhuban,20,6,Cloudy,39.7,378,4.6,0
Madhuban,3,5,Sunny,15.4,156,1.9,0
Hiran Magri,17,6,Rainy,31.3,531,6.4,0
Pratap Nagar,0,4,Sunny,28.8,224,2.7,0
Delhi Gate,6,3,Rainy,30.0,306,3.7,0
Bhupalpura,5,5,Clear,17.2,124,1.5,0
Sector 11 Chauraha,14,1,Clear,35.5,270,3.3,0
Bhupalpura,17,0,Clear,30.1,625,7.6,1
Surajpol,23,1,Rainy,38.0,337,4.1,0
Surajpol,10,1,Cloudy,29.6,525,6.3,0
Madhuban,19,6,Cloudy,19.5,527,6.4,0
Hiran Magri,23,0,Sunny,34.4,160,1.9,0
Surajpol,14,0,Sunny,20.2,239,2.9,0
Delhi Gate,15,4,Clear,41.2,183,2.2,0
Bhupalpura,6,4,Sunny,33.4,272,3.3,0
Bhupalpura,20,0,Rainy,19.7,465,5.6,0
Madhuban,9,5,Rainy,43.9,520,6.3,0
Pratap Nagar,11,2,Sunny,30.6,113,1.4,0
Pratap Nagar,23,4,Sunny,17.2,116,1.4,0
Sector 11 Chauraha,13,2,Sunny,33.8,192,2.3,0
Madhuban,4,6,Sunny,22.6,93,1.1,0
Bedla Road,20,5,Clear,39.1,319,3.9,0
Sector 11 Chauraha,17,0,Clear,39.5,652,7.9,1
Bedla Road,4,5,Sunny,44.4,81,1.0,0
Pratap Nagar,2,4,Rainy,30.1,270,3.3,0
Madhuban,22,1,Clear,28.6,200,2.4,0
Bedla Road,4,6,Rainy,37.6,259,3.1,0
Madhuban,23,0,Cloudy,19.0,157,1.9,0
Madhuban,16,3,Rainy,31.4,276,3.3,0
Pratap Nagar,18,6,Sunny,31.4,443,5.4,0
Sector 11 Chauraha,18,2,Cloudy,17.7,515,6.2,0
Sector 11 Chauraha,20,5,Clear,27.5,397,4.8,0
Madhuban,11,0,Clear,40.6,175,2.1,0
Surajpol,8,6,Cloudy,40.7,264,3.2,0
Hiran Magri,0,5,Rainy,18.0,222,2.7,0
Pratap Nagar,17,0,Clear,17.7,469,5.7,0
Hiran Magri,20,4,Sunny,22.9,577,7.0,0
Hiran Magri,3,6,Cloudy,41.2,129,1.6,0
Sector 11 Chauraha,9,4,Sunny,18.9,468,5.7,0
Sector 11 Chauraha,6,6,Cloudy,36.6,62,0.7,0
Surajpol,21,4,Clear,18.0,215,2.6,0
Hiran Magri,22,5,Rainy,33.7,227,2.7,0
Hiran Magri,0,3,Cloudy,25.7,192,2.3,0
Madhuban,16,6,Cloudy,38.7,66,0.8,0
Sector 11 Chauraha,23,6,Sunny,22.0,81,1.0,0
Hiran Magri,1,4,Clear,34.2,266,3.2,0
Bhupalpura,10,0,Sunny,22.1,331,4.0,0
Surajpol,8,6,Clear,36.4,379,4.6,0
Bedla Road,6,4,Sunny,41.2,191,2.3,0
Bhupalpura,21,1,Cloudy,18.8,190,2.3,0
Bhupalpura,16,4,Sunny,41.0,198,2.4,0
Bedla Road,16,5,Rainy,32.8,139,1.7,0
Pratap Nagar,1,3,Clear,18.8,133,1.6,0
Pratap Nagar,5,1,Clear,27.8,209,2.5,0
Surajpol,13,5,Cloudy,19.8,78,0.9,0
Bhupalpura,5,5,Clear,36.0,97,1.2,0
Hiran Magri,1,5,Rainy,37.8,167,2.0,0
Sector 11 Chauraha,0,0,Sunny,18.2,209,2.5,0
Surajpol,9,5,Cloudy,30.2,404,4.9,0
Madhuban,20,0,Rainy,39.4,515,6.2,0
Bedla Road,4,5,Clear,43.1,187,2.3,0
Bhupalpura,1,2,Clear,30.4,213,2.6,0
Surajpol,21,1,Rainy,43.5,300,3.6,0
Delhi Gate,15,2,Sunny,31.1,143,1.7,0
Delhi Gate,1,5,Sunny,26.8,109,1.3,0
Pratap Nagar,9,1,Cloudy,40.4,375,4.5,0
Bedla Road,1,1,Clear,29.8,98,1.2,0
Sector 11 Chauraha,15,6,Rainy,29.2,160,1.9,0
Hiran Magri,15,3,Sunny,29.7,195,2.4,0
Sector 11 Chauraha,18,2,Cloudy,40.4,630,7.6,1
Sector 11 Chauraha,6,3,Clear,40.0,162,2.0,0
Sector 11 Chauraha,21,1,Clear,27.1,127,1.5,0
Bedla Road,11,0,Cloudy,25.0,249,3.0,0
Sector 11 Chauraha,23,1,Cloudy,29.8,286,3.5,0
Madhuban,14,3,Sunny,32.2,215,2.6,0
Bedla Road,7,2,Rainy,22.2,306,3.7,0
Madhuban,5,5,Clear,38.8,53,0.6,0
Bedla Road,9,6,Rainy,29.6,263,3.2,0
Pratap Nagar,2,6,Clear,25.0,140,1.7,0
Surajpol,18,6,Clear,18.2,340,4.1,0
Delhi Gate,16,5,Rainy,22.2,199,2.4,0
Sector 11 Chauraha,6,6,Cloudy,43.5,119,1.4,0
Pratap Nagar,20,2,Sunny,24.2,534,6.5,0
Surajpol,19,5,Clear,20.1,370,4.5,0
Delhi Gate,3,6,Cloudy,28.8,193,2.3,0
Bhupalpura,13,5,Clear,24.2,73,0.9,0
Hiran Magri,19,3,Sunny,16.1,568,6.9,0
Madhuban,21,2,Clear,24.7,182,2.2,0
Bhupalpura,14,4,Sunny,31.3,199,2.4,0
Bedla Road,23,0,Sunny,31.6,195,2.4,0
Delhi Gate,7,6,Clear,25.7,141,1.7,0
Bhupalpura,20,0,Clear,28.4,480,5.8,0
Hiran Magri,14,5,Sunny,44.0,79,1.0,0
Pratap Nagar,21,0,Cloudy,26.3,105,1.3,0
Delhi Gate,19,2,Rainy,22.7,569,6.9,0
Bhupalpura,13,2,Sunny,22.3,205,2.5,0
Madhuban,8,1,Clear,28.7,512,6.2,0
Madhuban,7,6,Clear,37.8,164,2.0,0
Surajpol,16,1,Cloudy,21.2,147,1.8,0
Bhupalpura,1,0,Rainy,36.3,334,4.0,0
Sector 11 Chauraha,23,4,Sunny,15.6,185,2.2,0
Bhupalpura,2,1,Sunny,27.6,166,2.0,0
Pratap Nagar,7,1,Rainy,38.3,304,3.7,0
Delhi Gate,11,2,Sunny,25.2,204,2.5,0
Delhi Gate,0,4,Rainy,31.9,371,4.5,0
Pratap Nagar,9,5,Clear,21.1,445,5.4,0
Bhupalpura,19,0,Rainy,37.3,726,8.8,1
Pratap Nagar,2,1,Sunny,16.6,201,2.4,0
Hiran Magri,5,4,Rainy,40.6,259,3.1,0
Bedla Road,6,6,Cloudy,20.9,194,2.3,0
Pratap Nagar,19,4,Clear,41.2,579,7.0,0
Madhuban,22,0,Clear,25.6,207,2.5,0
Pratap Nagar,17,4,Rainy,36.7,503,6.1,0
Delhi Gate,10,4,Sunny,24.6,415,5.0,0
Madhuban,18,4,Cloudy,42.2,498,6.0,0
Delhi Gate,4,6,Clear,18.8,84,1.0,0
Surajpol,18,1,Clear,20.4,480,5.8,0
Sector 11 Chauraha,10,0,Sunny,29.8,436,5.3,0
Delhi Gate,23,6,Sunny,17.5,93,1.1,0
Madhuban,11,4,Cloudy,20.9,216,2.6,0
Surajpol,9,4,Rainy,43.3,571,6.9,0
Delhi Gate,7,1,Sunny,44.3,151,1.8,0
Hiran Magri,23,0,Rainy,26.3,272,3.3,0
Pratap Nagar,8,2,Cloudy,42.7,440,5.3,0
Sector 11 Chauraha,3,6,Rainy,31.3,249,3.0,0
Delhi Gate,4,1,Clear,23.1,136,1.6,0
Surajpol,20,0,Rainy,36.1,617,7.5,1
Hiran Magri,7,6,Cloudy,34.8,135,1.6,0
Bhupalpura,22,4,Cloudy,44.7,156,1.9,0
Surajpol,8,0,Cloudy,23.0,377,4.6,0
Pratap Nagar,14,0,Rainy,35.2,281,3.4,0
Surajpol,14,5,Clear,16.6,175,2.1,0
Hiran Magri,15,0,Sunny,18.4,224,2.7,0
Surajpol,13,2,Clear,15.1,188,2.3,0
Hiran Magri,7,0,Rainy,45.0,216,2.6,0
Delhi Gate,17,2,Rainy,39.1,454,5.5,0
Bedla Road,9,4,Sunny,38.6,443,5.4,0
Hiran Magri,19,2,Rainy,30.3,602,7.3,1
Hiran Magri,5,6,Cloudy,24.0,160,1.9,0
Sector 11 Chauraha,11,4,Cloudy,19.5,229,2.8,0
Hiran Magri,1,4,Cloudy,23.5,189,2.3,0
Hiran Magri,6,2,Cloudy,26.3,252,3.0,0
Bhupalpura,15,1,Cloudy,37.7,269,3.3,0
Bedla Road,2,3,Rainy,31.2,354,4.3,0
Delhi Gate,12,0,Sunny,17.3,168,2.0,0
Pratap Nagar,2,5,Sunny,15.5,91,1.1,0
Sector 11 Chauraha,17,3,Cloudy,18.1,440,5.3,0
Bhupalpura,10,0,Rainy,27.3,598,7.2,1
Madhuban,7,0,Clear,43.0,194,2.3,0
Bedla Road,5,4,Clear,34.1,142,1.7,0
Delhi Gate,0,0,Rainy,39.1,348,4.2,0
Delhi Gate,0,5,Cloudy,29.0,126,1.5,0
Madhuban,22,0,Sunny,25.8,203,2.5,0
Pratap Nagar,7,2,Rainy,18.3,348,4.2,0
Hiran Magri,4,3,Clear,41.3,253,3.1,0
Bhupalpura,15,2,Clear,38.5,226,2.7,0
Surajpol,10,5,Clear,20.0,482,5.8,0
Sector 11 Chauraha,4,0,Cloudy,30.4,266,3.2,0
Surajpol,3,6,Clear,29.6,81,1.0,0
Madhuban,5,5,Rainy,33.8,211,2.6,0
Delhi Gate,13,4,Rainy,43.4,291,3.5,0
Pratap Nagar,21,2,Clear,32.4,252,3.0,0
Delhi Gate,18,2,Rainy,31.2,473,5.7,0
Sector 11 Chauraha,8,1,Clear,16.5,464,5.6,0
Delhi Gate,11,0,Clear,16.9,239,2.9,0
Delhi Gate,10,4,Sunny,20.6,583,7.0,0
Sector 11 Chauraha,13,6,Cloudy,16.0,57,0.7,0
Bhupalpura,22,2,Cloudy,37.3,189,2.3,0
Bhupalpura,15,2,Sunny,36.7,239,2.9,0
Sector 11 Chauraha,0,4,Sunny,19.1,180,2.2,0
Pratap Nagar,12,5,Cloudy,40.1,89,1.1,0
Madhuban,22,5,Clear,19.6,52,0.6,0
Bedla Road,20,0,Clear,24.0,593,7.2,1
Delhi Gate,20,1,Cloudy,22.5,469,5.7,0
Pratap Nagar,12,2,Clear,26.2,233,2.8,0
Delhi Gate,1,1,Sunny,22.6,242,2.9,0
Bedla Road,3,5,Clear,29.7,199,2.4,0
Madhuban,5,5,Clear,27.2,53,0.6,0
Bhupalpura,22,3,Rainy,44.6,342,4.1,0
Pratap Nagar,4,6,Rainy,16.7,220,2.7,0
Hiran Magri,2,0,Rainy,19.3,345,4.2,0
Hiran Magri,0,3,Clear,16.6,101,1.2,0
Bedla Road,3,6,Cloudy,33.8,141,1.7,0
Hiran Magri,19,3,Sunny,16.6,566,6.8,0
Bhupalpura,1,3,Clear,40.1,246,3.0,0
Bedla Road,4,0,Cloudy,30.4,223,2.7,0
Bhupalpura,2,0,Clear,30.8,252,3.0,0
Madhuban,8,4,Sunny,31.8,440,5.3,0
Delhi Gate,19,1,Clear,20.1,631,7.6,1
Madhuban,5,1,Sunny,20.9,251,3.0,0
Madhuban,17,4,Clear,24.6,478,5.8,0
Bhupalpura,5,4,Sunny,32.8,259,3.1,0
Bedla Road,18,5,Clear,21.3,386,4.7,0
Bedla Road,11,6,Sunny,18.5,84,1.0,0
Hiran Magri,10,3,Rainy,44.1,534,6.5,0
Surajpol,1,4,Clear,15.7,240,2.9,0
Delhi Gate,14,2,Clear,39.1,205,2.5,0
Bhupalpura,11,1,Cloudy,38.6,195,2.4,0
Hiran Magri,11,4,Cloudy,23.9,252,3.0,0
Pratap Nagar,8,2,Sunny,19.1,589,7.1,1
Surajpol,20,2,Clear,19.4,415,5.0,0
Surajpol,23,2,Sunny,35.9,165,2.0,0
Bhupalpura,1,5,Rainy,34.3,261,3.2,0
Sector 11 Chauraha,21,5,Cloudy,38.5,100,1.2,0
Delhi Gate,2,2,Sunny,43.1,195,2.4,0
Surajpol,11,6,Sunny,35.8,104,1.3,0
Bhupalpura,15,5,Cloudy,19.7,126,1.5,0
Bhupalpura,20,3,Clear,22.3,482,5.8,0
Hiran Magri,23,2,Sunny,40.3,190,2.3,0
Pratap Nagar,0,3,Cloudy,21.3,234,2.8,0
Sector 11 Chauraha,20,3,Clear,17.2,410,5.0,0
Delhi Gate,2,2,Rainy,36.1,342,4.1,0
Bedla Road,19,1,Cloudy,27.1,423,5.1,0
Madhuban,1,6,Sunny,42.6,87,1.1,0
Pratap Nagar,8,2,Rainy,34.5,637,7.7,1
Pratap Nagar,18,2,Clear,17.7,386,4.7,0
Hiran Magri,14,5,Clear,43.4,50,0.6,0
Bedla Road,17,2,Cloudy,22.8,440,5.3,0
Surajpol,10,1,Cloudy,25.1,324,3.9,0
Surajpol,22,5,Cloudy,27.1,98,1.2,0
Hiran Magri,15,0,Clear,16.5,209,2.5,0
Bhupalpura,21,0,Rainy,29.9,186,2.2,0
Surajpol,16,3,Clear,18.7,212,2.6,0
Sector 11 Chauraha,4,6,Sunny,27.0,142,1.7,0
Delhi Gate,11,3,Clear,25.5,227,2.7,0
Pratap Nagar,10,1,Sunny,38.2,433,5.2,0
Pratap Nagar,14,4,Rainy,39.1,371,4.5,0
Sector 11 Chauraha,2,6,Cloudy,19.6,144,1.7,0
Bedla Road,0,0,Cloudy,26.0,231,2.8,0
Surajpol,19,3,Clear,26.2,466,5.6,0
Pratap Nagar,15,0,Cloudy,19.5,239,2.9,0
Madhuban,1,1,Rainy,39.0,300,3.6,0
Bedla Road,1,1,Cloudy,36.2,229,2.8,0
Delhi Gate,2,4,Clear,20.7,131,1.6,0
Delhi Gate,7,4,Rainy,26.0,301,3.6,0
Pratap Nagar,23,5,Sunny,18.2,178,2.2,0
Hiran Magri,14,6,Clear,33.8,163,2.0,0
Bedla Road,6,1,Sunny,18.6,213,2.6,0
Pratap Nagar,5,3,Rainy,44.6,409,4.9,0
Hiran Magri,8,0,Clear,38.4,493,6.0,0
Pratap Nagar,19,2,Clear,26.7,458,5.5,0
Madhuban,0,4,Rainy,32.4,352,4.3,0
Bedla Road,7,2,Cloudy,42.3,196,2.4,0
Bhupalpura,22,3,Clear,31.6,267,3.2,0
Delhi Gate,22,4,Clear,20.2,133,1.6,0
Pratap Nagar,2,2,Sunny,26.4,242,2.9,0
Madhuban,3,6,Cloudy,40.3,78,0.9,0
Hiran Magri,14,3,Sunny,34.3,116,1.4,0
Hiran Magri,5,0,Sunny,34.5,115,1.4,0
Delhi Gate,14,6,Cloudy,41.0,154,1.9,0
Sector 11 Chauraha,20,3,Cloudy,41.8,617,7.5,1
Pratap Nagar,2,5,Rainy,42.6,159,1.9,0
Bedla Road,20,4,Cloudy,17.8,481,5.8,0
Surajpol,20,1,Clear,31.3,438,5.3,0
Hiran Magri,13,0,Cloudy,37.2,273,3.3,0
Bedla Road,19,6,Rainy,37.7,654,7.9,1
Bedla Road,13,6,Rainy,33.2,281,3.4,0
Bhupalpura,3,2,Rainy,20.0,310,3.7,0
Bedla Road,11,4,Cloudy,38.9,231,2.8,0
Bedla Road,16,1,Cloudy,36.6,184,2.2,0
Bhupalpura,6,3,Sunny,17.6,219,2.6,0
Hiran Magri,8,1,Sunny,28.9,560,6.8,0
Bedla Road,2,4,Clear,20.2,183,2.2,0
Sector 11 Chauraha,12,4,Sunny,25.1,113,1.4,0
Sector 11 Chauraha,14,5,Clear,15.5,117,1.4,0
Madhuban,17,5,Rainy,27.0,546,6.6,0
Bhupalpura,18,1,Sunny,31.5,472,5.7,0
Madhuban,0,3,Cloudy,33.6,133,1.6,0
Bhupalpura,5,1,Sunny,34.9,267,3.2,0
Pratap Nagar,22,4,Clear,40.1,171,2.1,0
Pratap Nagar,1,4,Sunny,21.5,128,1.5,0
Bedla Road,23,2,Rainy,18.6,188,2.3,0
Surajpol,13,5,Cloudy,40.5,164,2.0,0
Pratap Nagar,5,2,Clear,19.7,107,1.3,0
Surajpol,13,0,Cloudy,44.2,208,2.5,0
Pratap Nagar,3,4,Cloudy,40.3,129,1.6,0
Delhi Gate,20,2,Clear,30.0,544,6.6,0
Pratap Nagar,7,1,Cloudy,44.4,237,2.9,0
Madhuban,2,5,Cloudy,17.9,98,1.2,0
Hiran Magri,18,5,Sunny,24.1,491,5.9,0
Bedla Road,13,3,Cloudy,34.1,167,2.0,0
Madhuban,19,1,Cloudy,25.5,407,4.9,0
Hiran Magri,16,3,Cloudy,42.9,206,2.5,0
Sector 11 Chauraha,7,2,Cloudy,17.0,182,2.2,0
Madhuban,23,6,Clear,31.5,176,2.1,0
Sector 11 Chauraha,13,0,Rainy,32.7,287,3.5,0
Surajpol,5,1,Sunny,34.6,88,1.1,0
Surajpol,22,1,Cloudy,22.7,136,1.6,0
Delhi Gate,21,1,Cloudy,25.9,211,2.6,0
Pratap Nagar,15,3,Clear,40.3,246,3.0,0
Madhuban,18,2,Rainy,20.8,552,6.7,0
Sector 11 Chauraha,13,1,Cloudy,39.8,209,2.5,0
Hiran Magri,18,6,Clear,31.9,425,5.1,0
Surajpol,2,1,Sunny,37.9,147,1.8,0
Pratap Nagar,9,5,Sunny,36.4,349,4.2,0
Surajpol,18,0,Cloudy,21.2,498,6.0,0
Hiran Magri,8,5,Cloudy,32.1,317,3.8,0
Pratap Nagar,19,5,Rainy,41.0,654,7.9,1
Pratap Nagar,12,0,Rainy,28.0,239,2.9,0
Sector 11 Chauraha,6,6,Cloudy,44.0,51,0.6,0
Sector 11 Chauraha,13,2,Clear,28.6,255,3.1,0
Madhuban,8,5,Rainy,19.3,606,7.3,1
Madhuban,22,2,Cloudy,26.7,208,2.5,0
Bhupalpura,18,5,Rainy,43.6,574,6.9,0
Bedla Road,14,4,Cloudy,24.6,276,3.3,0
Bhupalpura,19,0,Sunny,41.0,495,6.0,0
Delhi Gate,13,5,Cloudy,41.4,72,0.9,0
Surajpol,23,4,Sunny,25.5,161,1.9,0
Madhuban,5,3,Rainy,17.5,257,3.1,0
Sector 11 Chauraha,20,4,Cloudy,36.7,331,4.0,0
Hiran Magri,3,1,Rainy,24.3,299,3.6,0
Sector 11 Chauraha,7,5,Sunny,38.5,80,1.0,0
Surajpol,16,4,Cloudy,28.3,259,3.1,0
Bhupalpura,8,2,Rainy,29.6,459,5.6,0
Sector 11 Chauraha,0,3,Sunny,38.3,137,1.7,0
Bedla Road,23,6,Rainy,26.5,266,3.2,0
Delhi Gate,19,5,Clear,28.3,538,6.5,0
Surajpol,13,1,Sunny,26.3,232,2.8,0
Bhupalpura,10,6,Sunny,26.0,322,3.9,0
Bedla Road,20,4,Sunny,30.8,507,6.1,0
Hiran Magri,2,6,Cloudy,39.3,70,0.8,0
Bhupalpura,8,6,Cloudy,25.9,294,3.6,0
Pratap Nagar,13,3,Cloudy,30.7,245,3.0,0
Bedla Road,8,6,Clear,35.1,446,5.4,0
Bedla Road,3,6,Clear,23.1,78,0.9,0
Delhi Gate,3,5,Sunny,23.3,154,1.9,0
Surajpol,7,3,Clear,43.0,164,2.0,0
Hiran Magri,1,1,Rainy,36.7,374,4.5,0
Delhi Gate,8,4,Sunny,32.3,538,6.5,0
Bhupalpura,13,3,Sunny,34.4,179,2.2,0
Delhi Gate,21,3,Rainy,15.9,271,3.3,0
Bedla Road,8,0,Sunny,33.5,444,5.4,0
Surajpol,23,3,Clear,30.3,204,2.5,0
Madhuban,22,0,Cloudy,31.4,201,2.4,0
Delhi Gate,15,4,Rainy,25.8,360,4.4,0
Pratap Nagar,16,6,Clear,17.4,157,1.9,0
Delhi Gate,15,5,Rainy,20.8,152,1.8,0
Bhupalpura,11,5,Rainy,43.5,262,3.2,0
Bhupalpura,2,4,Sunny,27.3,205,2.5,0
Hiran Magri,10,4,Sunny,29.0,512,6.2,0
Bhupalpura,13,2,Clear,16.6,205,2.5,0
Sector 11 Chauraha,17,6,Rainy,16.1,439,5.3,0
Surajpol,20,4,Sunny,36.5,323,3.9,0
Surajpol,20,3,Sunny,31.1,465,5.6,0
Madhuban,4,5,Rainy,30.3,263,3.2,0
Madhuban,15,1,Clear,22.3,258,3.1,0
Surajpol,19,5,Clear,37.3,409,4.9,0
Pratap Nagar,4,0,Rainy,20.0,225,2.7,0
Madhuban,2,5,Clear,20.7,82,1.0,0
Hiran Magri,11,2,Sunny,28.8,159,1.9,0
Bhupalpura,0,6,Rainy,23.6,152,1.8,0
Surajpol,20,4,Sunny,22.4,610,7.4,1
Bedla Road,8,6,Cloudy,34.4,328,4.0,0
Madhuban,8,4,Cloudy,34.5,357,4.3,0
Surajpol,3,5,Clear,39.7,172,2.1,0
Sector 11 Chauraha,2,1,Cloudy,27.5,215,2.6,0
Delhi Gate,16,1,Sunny,17.2,109,1.3,0
Bhupalpura,1,2,Cloudy,23.2,149,1.8,0
Surajpol,23,0,Sunny,44.4,114,1.4,0
Delhi Gate,0,5,Clear,32.9,112,1.4,0
Madhuban,7,4,Clear,36.3,145,1.8,0
Delhi Gate,12,5,Sunny,15.2,112,1.4,0
Bhupalpura,22,2,Cloudy,30.5,189,2.3,0
Surajpol,14,3,Clear,16.1,197,2.4,0
Sector 11 Chauraha,7,3,Rainy,32.1,167,2.0,0
Pratap Nagar,11,2,Clear,42.6,151,1.8,0
Madhuban,21,4,Cloudy,44.1,261,3.2,0
Surajpol,11,6,Rainy,31.2,298,3.6,0
Bhupalpura,13,2,Cloudy,28.7,166,2.0,0
Madhuban,14,4,Sunny,43.4,142,1.7,0
Hiran Magri,14,1,Rainy,35.2,249,3.0,0
Delhi Gate,8,2,Cloudy,16.9,456,5.5,0
Pratap Nagar,18,4,Rainy,29.0,441,5.3,0
Bhupalpura,19,2,Cloudy,22.2,468,5.7,0
Hiran Magri,21,2,Rainy,29.1,226,2.7,0
Bedla Road,7,6,Cloudy,28.7,154,1.9,0
Surajpol,20,6,Sunny,32.5,393,4.8,0
Sector 11 Chauraha,18,4,Rainy,25.7,520,6.3,0
Madhuban,5,4,Rainy,19.9,264,3.2,0
Delhi Gate,19,0,Rainy,30.1,632,7.6,1
Madhuban,18,2,Rainy,39.9,743,9.0,1
Pratap Nagar,3,3,Sunny,34.9,202,2.4,0
Surajpol,22,2,Rainy,25.2,307,3.7,0
Madhuban,6,2,Clear,43.1,228,2.8,0
Delhi Gate,3,4,Sunny,42.4,185,2.2,0
Surajpol,21,2,Clear,21.3,139,1.7,0
Madhuban,11,5,Rainy,16.2,162,2.0,0
Sector 11 Chauraha,12,2,Cloudy,37.2,196,2.4,0
Bhupalpura,2,5,Clear,39.8,174,2.1,0
Surajpol,21,6,Rainy,44.0,235,2.8,0
Bhupalpura,11,3,Clear,41.7,228,2.8,0
Bedla Road,1,4,Rainy,33.0,311,3.8,0
Surajpol,23,2,Rainy,30.9,317,3.8,0
Sector 11 Chauraha,1,5,Rainy,15.8,254,3.1,0
Bhupalpura,22,5,Cloudy,22.4,128,1.5,0
Hiran Magri,8,6,Clear,28.8,305,3.7,0
Delhi Gate,0,5,Sunny,33.9,64,0.8,0
Hiran Magri,7,1,Sunny,31.7,169,2.0,0
Madhuban,22,0,Sunny,37.3,194,2.3,0
Sector 11 Chauraha,5,3,Sunny,23.4,108,1.3,0
Hiran Magri,5,6,Rainy,31.9,152,1.8,0
Surajpol,21,6,Clear,17.6,163,2.0,0
Madhuban,17,2,Clear,27.4,523,6.3,0
Madhuban,16,1,Cloudy,37.5,171,2.1,0
Hiran Magri,11,2,Clear,35.8,188,2.3,0
Bedla Road,5,2,Clear,44.7,183,2.2,0
Hiran Magri,7,4,Clear,23.3,195,2.4,0
Bedla Road,18,4,Cloudy,29.9,454,5.5,0
Sector 11 Chauraha,9,4,Sunny,24.9,507,6.1,0
Delhi Gate,0,1,Clear,28.2,183,2.2,0
Hiran Magri,12,2,Cloudy,40.7,219,2.6,0
Pratap Nagar,16,0,Cloudy,35.5,192,2.3,0
Bedla Road,2,3,Rainy,41.5,289,3.5,0
Hiran Magri,7,4,Cloudy,21.1,274,3.3,0
Bhupalpura,13,4,Sunny,41.2,200,2.4,0
Surajpol,2,6,Clear,16.8,165,2.0,0
Pratap Nagar,15,2,Cloudy,41.7,103,1.2,0
Pratap Nagar,12,2,Sunny,24.9,168,2.0,0
Bedla Road,19,1,Cloudy,24.4,588,7.1,1
Bhupalpura,23,1,Cloudy,30.4,120,1.5,0
Bhupalpura,16,4,Cloudy,43.2,148,1.8,0
Madhuban,12,2,Cloudy,16.4,222,2.7,0
Bedla Road,5,0,Cloudy,25.6,262,3.2,0
Delhi Gate,16,3,Sunny,40.7,175,2.1,0
Surajpol,13,2,Clear,26.9,151,1.8,0
Sector 11 Chauraha,16,6,Clear,21.0,125,1.5,0
Pratap Nagar,7,2,Clear,27.7,260,3.1,0
Sector 11 Chauraha,10,5,Clear,26.6,460,5.6,0
Hiran Magri,19,1,Sunny,42.5,393,4.8,0
Hiran Magri,0,6,Rainy,37.9,236,2.9,0
Sector 11 Chauraha,6,3,Rainy,30.2,355,4.3,0
Hiran Magri,20,4,Sunny,44.7,548,6.6,0
Delhi Gate,20,6,Sunny,29.0,365,4.4,0
Bhupalpura,16,2,Cloudy,16.7,200,2.4,0
Hiran Magri,9,4,Cloudy,22.9,339,4.1,0
Madhuban,10,2,Cloudy,28.1,468,5.7,0
Hiran Magri,21,4,Clear,19.7,158,1.9,0
Surajpol,8,3,Cloudy,43.4,443,5.4,0
Delhi Gate,8,1,Rainy,38.0,462,5.6,0
Surajpol,23,3,Clear,23.0,252,3.0,0
Surajpol,4,5,Cloudy,32.7,71,0.9,0
Madhuban,16,0,Clear,36.6,217,2.6,0
Delhi Gate,8,1,Rainy,43.2,546,6.6,0
Delhi Gate,16,3,Cloudy,41.4,200,2.4,0
Bedla Road,23,5,Rainy,30.5,222,2.7,0
Delhi Gate,20,0,Rainy,38.2,740,8.9,1
Delhi Gate,18,5,Rainy,31.9,649,7.8,1
Delhi Gate,6,2,Cloudy,31.6,173,2.1,0
Madhuban,22,2,Sunny,18.4,194,2.3,0
Hiran Magri,8,4,Cloudy,18.8,416,5.0,0
Bedla Road,6,1,Rainy,30.9,301,3.6,0
Surajpol,12,2,Cloudy,23.1,209,2.5,0
Delhi Gate,10,6,Rainy,15.6,563,6.8,0
Pratap Nagar,13,5,Sunny,36.7,88,1.1,0
Hiran Magri,18,1,Clear,16.0,563,6.8,0
Hiran Magri,10,6,Sunny,32.9,391,4.7,0
Surajpol,12,2,Sunny,31.2,134,1.6,0
Madhuban,13,4,Clear,44.1,208,2.5,0
Sector 11 Chauraha,12,3,Cloudy,29.5,253,3.1,0
Sector 11 Chauraha,0,4,Clear,16.9,147,1.8,0
Hiran Magri,7,6,Cloudy,31.6,149,1.8,0
Bhupalpura,11,0,Cloudy,40.2,184,2.2,0
Bhupalpura,18,2,Rainy,44.9,636,7.7,1
Surajpol,11,6,Rainy,27.9,253,3.1,0
Sector 11 Chauraha,7,0,Clear,24.6,124,1.5,0
Hiran Magri,7,0,Sunny,42.2,96,1.2,0
Madhuban,20,5,Clear,20.7,419,5.1,0
Sector 11 Chauraha,12,1,Cloudy,33.5,231,2.8,0
Hiran Magri,11,5,Rainy,27.2,230,2.8,0
Hiran Magri,15,2,Clear,16.2,119,1.4,0
Delhi Gate,0,0,Clear,25.4,231,2.8,0
Madhuban,12,6,Rainy,23.0,325,3.9,0
Delhi Gate,6,3,Rainy,35.6,345,4.2,0
Surajpol,4,0,Rainy,43.5,328,4.0,0
Delhi Gate,7,6,Cloudy,23.0,110,1.3,0
Pratap Nagar,13,3,Rainy,39.3,244,3.0,0
Delhi Gate,22,5,Sunny,16.7,59,0.7,0
